,0.0,0.178,0.356,0.534,0.712,0.89,1.068,1.246,1.424,1.602,1.78,1.958,2.136,2.314,2.492,2.67,2.848,3.026,3.204,3.382,3.56,3.738,3.916,4.094,4.272,4.45,4.628,4.806,4.984,5.162,5.34,5.518,5.696,5.874,6.052,6.23,6.408,6.586,6.764,6.942,7.12,7.298,7.476,7.654,7.832,8.01,8.188,8.366,8.544,8.722,8.9,9.078,9.256,9.434,9.612,9.79,9.968,10.146,10.324,10.502,10.68,10.858,11.036,11.214,11.392,11.57,11.748,11.926,12.104,12.282,12.46,12.638,12.816,12.994,13.172,13.35,13.528,13.706,13.884,14.062,14.24,14.418,14.596,14.774,14.952,15.13,15.308,15.486,15.664,15.842,16.02,16.198,16.376,16.554,16.732,16.91,17.088,17.266,17.444,17.622,17.8,17.978,18.156,18.334,18.512,18.69,18.868,19.046,19.224,19.402,19.58,19.758,19.936,20.114,20.292,20.47,20.648,20.826,21.004,21.182,21.36,21.538,21.716,21.894,22.072,22.25,22.428,22.606,22.784,22.962,23.14,23.318,23.496,23.674,23.852,24.03,24.208,24.386,24.564,24.742,24.92,25.098,25.276,25.454,25.632,25.81,25.988,26.166,26.344,26.522,26.7,26.878,27.056,27.234,27.412,27.59,27.768,27.946,28.124,28.302,28.48,28.658,28.836,29.014,29.192,29.37,29.548,29.726,29.904,30.082,30.26,30.438,30.616,30.794,30.972,31.15,31.328,31.506,31.684,31.862,32.04,32.218,32.396,32.574,32.752,32.93,33.108,33.286,33.464,33.642,33.82,33.998,34.176,34.354,34.532,34.71,34.888,35.066,35.244,35.422,35.6,35.778,35.956,36.134,36.312,36.49,36.668,36.846,37.024,37.202,37.38,37.558,37.736,37.914,38.092,38.27,38.448,38.626,38.804,38.982,39.16,39.338,39.516,39.694,39.872,40.05,40.228,40.406,40.584,40.762,40.94
0.0,0,0,0,0,0,0,0,0,0,0,0,0,0,0,0,0,0,0,0,0,0,0,0,0,0,0,0,0,0,0,0,0,0,0,0,0,0,0,0,0,0,0,0,0,0,0,0,0,0,0,0,0,0,0,0,0,0,0,0,0,0,0,0,0,0,0,0,0,0,0,0,0,0,0,0,0,0,0,0,0,0,0,0,0,0,0,0,0,0,0,0,0,0,0,0,0,0,0,0,0,0,0,0,0,0,0,0,0,0,0,0,0,0,0,0,0,0,0,0,0,0,0,0,0,0,0,7.62,7.652,7.683,7.714,7.746,7.775,7.804,7.83,7.854,7.878,7.901,7.924,7.945,7.966,7.986,8.004,8.02,8.034,8.045,8.055,8.064,8.072,8.079,8.086,8.092,8.096,8.099,8.102,8.102,8.102,8.126,8.149,8.173,8.195,8.217,8.239,8.26,8.281,8.303,8.325,8.349,8.373,8.397,8.421,8.445,8.47,8.492,8.511,8.529,8.546,8.561,8.576,8.589,8.598,8.607,8.615,8.625,8.632,0,0,0,0,0,0,0,0,0,0,0,0,0,0,0,0,0,0,0,0,0,0,0,0,0,0,0,0,0,0,0,0,0,0,0,0,0,0,0,0,0,0,0,0,0,0,0
0.338,0,0,0,0,0,0,0,0,0,0,0,0,0,0,0,0,0,0,0,0,0,0,0,0,0,0,0,0,0,0,0,0,0,0,0,0,0,0,0,0,0,0,0,0,0,0,0,0,0,0,0,0,0,0,0,0,0,0,0,0,0,0,0,0,0,0,0,0,0,0,0,0,0,0,0,0,0,0,0,0,0,0,0,0,0,0,0,0,0,0,0,0,0,0,0,0,0,6.542,6.553,6.566,6.58,6.595,6.612,6.628,6.645,6.66,6.675,6.689,6.704,6.72,6.735,6.751,6.769,6.79,6.811,6.833,6.857,6.879,6.903,6.929,6.954,6.979,7.002,7.027,7.049,7.072,7.095,7.126,7.158,7.191,7.226,7.263,7.3,7.337,7.374,7.411,7.45,7.489,7.528,7.567,7.606,7.644,7.681,7.716,7.752,7.786,7.819,7.853,7.887,7.92,7.953,7.984,8.015,8.045,8.073,8.1,8.123,8.143,8.161,8.181,8.201,8.22,8.238,8.257,8.275,8.295,8.315,8.336,8.356,8.376,8.396,8.416,8.434,8.45,8.464,8.478,8.489,8.501,8.511,8.517,8.523,8.528,8.534,8.538,8.545,8.55,8.551,8.549,8.546,0,0,0,0,0,0,0,0,0,0,0,0,0,0,0,0,0,0,0,0,0,0,0,0,0,0,0,0,0,0,0,0,0,0,0,0,0,0,0,0,0,0
0.676,0,0,0,0,0,0,0,0,0,0,0,0,0,0,0,0,0,0,0,0,0,0,0,0,0,0,0,0,0,0,0,0,0,0,0,0,0,0,0,0,0,0,0,0,0,0,0,0,0,0,0,0,0,0,0,0,0,0,0,0,0,0,0,0,0,0,0,0,0,0,0,0,0,0,0,0,6.953,6.94,6.925,6.913,6.901,6.891,6.881,6.872,6.861,6.852,6.843,6.834,6.825,6.815,6.807,6.8,6.792,6.786,6.781,6.777,6.777,6.779,6.782,6.786,6.791,6.797,6.804,6.812,6.82,6.828,6.823,6.819,6.818,6.819,6.82,6.824,6.831,6.842,6.855,6.869,6.887,6.904,6.924,6.946,6.969,6.992,7.014,7.038,7.061,7.085,7.112,7.142,7.172,7.205,7.239,7.275,7.311,7.347,7.383,7.42,7.458,7.495,7.534,7.572,7.611,7.647,7.684,7.719,7.754,7.788,7.821,7.854,7.888,7.921,7.953,7.984,8.014,8.044,8.072,8.098,8.121,8.14,8.159,8.174,8.188,8.2,8.209,8.216,8.221,8.226,8.231,8.235,8.237,8.238,8.252,8.266,8.277,8.287,8.295,8.302,8.308,8.314,8.318,8.319,8.32,8.32,8.32,8.319,8.319,8.318,8.314,8.307,8.3,8.29,8.278,8.265,8.251,8.238,8.224,8.208,8.19,8.172,8.152,8.131,0,0,0,0,0,0,0,0,0,0,0,0,0,0,0,0,0,0,0,0,0,0,0,0,0,0,0,0,0,0,0
1.014,0,0,0,0,0,0,0,0,0,0,0,0,0,0,0,0,0,0,0,0,8.164,8.158,8.154,8.153,8.153,8.153,8.153,8.153,8.152,8.152,8.152,8.151,8.15,8.146,8.142,8.136,8.129,8.121,8.113,8.106,8.098,8.091,8.084,8.077,8.07,8.063,8.055,8.046,8.036,8.025,8,7.975,7.951,7.926,7.903,7.879,7.856,7.834,7.813,7.793,7.774,7.756,7.738,7.72,7.702,7.683,7.663,7.643,7.622,7.602,7.581,7.56,7.538,7.516,7.494,7.471,7.447,7.424,7.4,7.376,7.353,7.33,7.305,7.279,7.251,7.223,7.196,7.168,7.14,7.111,7.084,7.056,7.03,7.004,6.982,6.961,6.944,6.93,6.917,6.905,6.895,6.886,6.877,6.87,6.864,6.857,6.852,6.849,6.848,6.849,6.85,6.854,6.861,6.871,6.883,6.898,6.914,6.931,6.95,6.972,6.994,7.016,7.038,7.061,7.083,7.107,7.133,7.161,7.191,7.223,7.256,7.29,7.326,7.361,7.396,7.432,7.469,7.506,7.544,7.582,7.619,7.655,7.691,7.726,7.761,7.794,7.826,7.859,7.892,7.924,7.956,7.986,8.016,8.046,8.073,8.099,8.121,8.14,8.159,8.174,8.188,8.205,8.222,8.238,8.255,8.272,8.29,8.309,8.326,8.327,8.345,8.362,8.377,8.39,8.401,8.412,8.421,8.431,8.438,8.443,8.447,8.45,8.454,8.456,8.46,8.462,8.462,8.458,8.454,8.447,8.437,0,0,0,0,0,0,0,0,8.31,0,0,0,0,0,0,0,0,0,0,0,0,0,0,0,0,0,0,0,0,0,0,0,0,0,0,0,0,0,0,0
1.352,0,0,0,0,0,0,0,0,0,0,0,0,0,0,0,0,0,0,0,0,8.163,8.158,8.155,8.153,8.154,8.154,8.154,8.154,8.154,8.154,8.153,8.153,8.151,8.148,8.144,8.139,8.132,8.124,8.117,8.11,8.102,8.095,8.089,8.082,8.075,8.068,8.06,8.052,8.042,8.042,8.017,7.993,7.982,7.971,7.962,7.953,7.945,7.939,7.916,7.911,7.907,7.904,7.9,7.879,7.875,7.87,7.866,7.84,7.814,7.788,7.761,7.757,7.752,7.748,7.717,7.686,7.654,7.622,7.589,0,7.525,7.493,0,0,0,0,0,0,7.231,0,0,0,0,7.046,0,0,0,6.944,6.926,6.91,6.896,0,0,0,6.854,6.846,6.839,6.834,6.833,6.847,6.849,6.853,6.871,6.89,6.91,6.931,6.953,6.974,6.997,7.021,7.045,7.069,7.092,7.117,7.139,7.16,7.183,7.212,7.243,7.275,7.309,7.334,7.358,7.38,7.414,7.449,7.485,7.521,7.558,7.594,7.631,7.666,7.701,7.735,7.769,7.802,7.833,7.865,7.898,7.929,7.96,7.99,8.019,8.049,8.075,8.1,8.122,8.141,8.159,8.175,8.188,8.199,8.208,8.223,8.239,8.254,8.271,8.288,8.304,8.305,8.321,8.336,8.35,8.362,8.372,8.382,8.39,8.398,8.404,8.408,8.411,8.413,8.416,8.417,8.42,8.422,8.42,8.416,8.412,8.404,8.395,8.385,8.373,0,0,0,0,0,0,8.27,0,0,0,0,0,0,0,0,0,0,0,0,0,0,0,0,0,0,0,0,0,0,0,0,0,0,0,0,0,0,0
1.69,0,0,0,0,0,0,0,0,0,0,0,0,0,0,0,8.317,8.306,8.296,8.287,8.278,8.269,8.262,8.257,8.254,8.252,8.25,8.248,8.246,8.244,8.242,8.24,8.238,8.235,8.23,8.225,8.219,8.212,8.204,8.196,8.188,8.18,8.173,8.165,8.158,8.151,8.129,8.108,8.085,8.063,8.04,8.017,7.994,7.971,7.948,7.926,7.904,7.883,7.862,7.842,7.824,7.805,7.789,7.772,7.755,7.738,7.72,7.702,7.682,7.662,7.643,7.623,7.603,7.582,7.561,7.54,7.518,7.496,7.473,7.45,7.428,7.405,7.383,7.358,7.333,7.306,7.279,7.253,7.226,7.199,7.171,7.145,7.118,7.093,7.069,7.047,7.027,7.011,6.998,6.985,6.974,6.964,6.956,6.948,6.941,6.935,6.929,6.924,6.921,6.92,6.921,6.923,6.926,6.933,6.942,6.954,6.967,6.982,6.999,7.017,7.036,7.057,7.078,7.098,7.12,7.142,7.164,7.189,7.216,7.244,7.273,7.305,7.337,7.371,7.403,7.437,7.471,7.506,7.541,7.577,7.612,7.647,7.681,7.715,7.749,7.782,7.814,7.844,7.875,7.907,7.938,7.968,7.997,8.025,8.054,8.08,8.104,8.125,8.144,8.162,8.176,8.189,8.2,8.21,8.216,8.222,8.237,8.252,8.267,8.282,8.283,8.297,8.311,8.324,8.334,8.344,8.352,8.359,8.366,8.371,8.374,8.376,8.378,8.379,8.38,8.381,8.382,8.379,8.374,8.369,8.362,8.352,8.341,8.329,8.319,8.307,0,0,0,0,8.228,0,0,0,0,0,0,0,0,0,0,0,0,0,0,0,0,0,0,0,0,0,0,0,0,0,0,0,0,0,0,0
2.028,0,0,0,0,0,0,0,0,0,0,0,0,0,0,0,8.239,0,0,0,0,8.2,8.195,8.192,8.19,8.19,8.19,8.19,8.189,8.189,8.188,8.187,8.187,8.184,8.181,8.177,8.172,8.165,8.158,8.15,8.143,8.136,8.129,8.122,8.116,8.109,8.086,8.079,8.07,8.061,8.05,8.028,8.005,7.983,7.961,7.939,7.918,7.897,7.877,7.858,7.839,7.822,7.806,7.789,7.773,7.756,7.739,7.721,7.702,7.683,7.663,7.644,7.624,7.604,7.584,7.563,7.542,7.52,7.498,7.475,7.453,7.431,7.409,7.385,7.36,7.334,7.307,7.282,7.255,7.228,7.202,7.176,7.15,7.126,7.102,7.081,7.062,7.046,7.033,7.02,7.009,7,6.992,6.984,6.978,6.972,6.967,6.962,6.959,6.959,6.96,6.961,6.964,6.971,6.98,6.991,7.004,7.019,7.035,7.053,7.072,7.092,7.113,7.133,7.154,7.175,7.197,7.221,7.247,7.275,7.304,7.334,7.366,7.398,7.43,7.462,7.496,7.529,7.563,7.598,7.632,7.666,7.699,7.732,7.764,7.797,7.827,7.857,7.887,7.918,7.948,7.977,8.005,8.033,8.06,8.085,8.109,8.129,8.148,8.164,8.179,8.191,8.202,8.211,8.218,8.224,8.229,8.234,8.238,8.251,8.252,8.265,8.277,8.288,8.297,8.305,8.312,8.318,8.323,8.327,8.328,8.329,8.329,8.33,8.329,8.329,8.328,8.324,8.319,8.313,8.305,8.294,8.284,8.271,8.26,8.248,8.235,8.22,8.205,0,8.171,0,0,0,0,0,0,0,0,0,0,0,0,0,0,0,0,0,0,0,0,0,0,0,0,0,0,0,0,0,0,0
2.366,0,0,0,0,0,0,0,0,0,0,0,0,0,0,0,8.248,0,0,0,0,8.21,8.205,8.202,8.201,8.201,8.201,8.201,8.2,8.2,8.199,8.199,8.198,8.196,8.193,8.188,8.183,8.177,8.17,8.163,8.156,8.149,8.142,8.135,8.128,8.121,8.099,8.092,8.083,8.074,8.064,8.042,8.02,7.998,7.976,7.955,7.934,7.914,7.894,7.875,7.858,7.84,7.824,7.808,7.792,7.776,7.759,7.741,7.723,7.704,7.685,7.666,7.647,7.627,7.608,7.587,7.566,7.545,7.523,7.501,7.48,7.458,7.436,7.413,7.389,7.363,7.337,7.312,7.286,7.26,7.233,7.208,7.183,7.159,7.136,7.115,7.097,7.081,7.068,7.056,7.046,7.037,7.029,7.021,7.015,7.009,7.004,7,6.997,6.996,6.997,6.999,7.002,7.009,7.018,7.029,7.042,7.056,7.072,7.089,7.108,7.128,7.148,7.167,7.189,7.209,7.23,7.254,7.28,7.307,7.335,7.365,7.395,7.427,7.458,7.489,7.521,7.554,7.587,7.62,7.653,7.687,7.719,7.751,7.782,7.813,7.843,7.872,7.902,7.931,7.96,7.989,8.016,8.043,8.069,8.094,8.117,8.137,8.154,8.171,8.185,8.197,8.208,8.217,8.224,8.23,8.235,8.24,8.244,8.247,8.248,8.261,8.272,8.282,8.291,8.298,8.305,8.31,8.315,8.318,8.319,8.32,8.32,8.32,8.318,8.318,8.316,8.312,8.307,8.301,8.292,8.282,8.272,8.26,8.249,8.237,8.225,8.21,8.195,8.18,8.163,0,0,0,0,0,0,0,0,0,0,0,0,0,0,0,0,0,0,0,0,0,0,0,0,0,0,0,0,0,0,0
2.704,0,0,0,0,0,0,0,0,0,0,8.511,8.496,8.481,8.467,8.455,8.443,8.431,8.421,8.41,8.401,8.392,8.385,8.379,8.374,8.371,8.367,8.364,8.36,8.357,8.354,8.35,8.347,8.342,8.337,8.332,8.325,8.318,8.309,8.302,8.294,8.269,8.246,8.224,8.204,8.183,8.163,8.142,8.122,8.101,8.079,8.057,8.036,8.014,7.993,7.972,7.952,7.932,7.912,7.894,7.876,7.859,7.844,7.828,7.812,7.796,7.779,7.762,7.744,7.725,7.707,7.688,7.669,7.65,7.631,7.611,7.59,7.569,7.548,7.527,7.506,7.484,7.463,7.44,7.416,7.391,7.366,7.341,7.316,7.29,7.265,7.24,7.216,7.192,7.17,7.15,7.131,7.116,7.104,7.092,7.081,7.073,7.065,7.058,7.052,7.047,7.042,7.038,7.035,7.035,7.036,7.037,7.041,7.047,7.056,7.067,7.079,7.094,7.109,7.126,7.145,7.164,7.183,7.203,7.224,7.244,7.265,7.288,7.313,7.339,7.366,7.395,7.425,7.456,7.486,7.516,7.548,7.58,7.611,7.644,7.676,7.708,7.739,7.77,7.801,7.831,7.86,7.888,7.916,7.945,7.973,8.001,8.027,8.053,8.079,8.103,8.125,8.144,8.161,8.178,8.192,8.204,8.214,8.223,8.23,8.236,8.242,8.247,8.251,8.255,8.256,8.268,8.279,8.289,8.297,8.305,8.311,8.316,8.321,8.324,8.325,8.325,8.325,8.325,8.323,8.323,8.321,8.317,8.312,8.306,8.298,8.288,8.278,8.267,8.256,8.245,8.233,8.219,8.204,8.189,8.173,0,0,0,0,0,0,0,0,0,0,0,0,0,0,0,0,0,0,0,0,0,0,0,0,0,0,0,0,0,0,0
3.042,0,0,0,0,0,0,0,0,8.605,8.589,8.573,8.558,8.543,8.529,8.515,8.503,8.491,8.48,8.47,8.46,8.451,8.442,8.436,8.431,8.427,8.423,8.418,8.414,8.41,8.406,8.402,8.398,8.393,8.387,8.381,8.374,8.366,8.358,8.332,8.307,8.283,8.26,8.239,8.218,8.198,8.178,8.157,8.136,8.115,8.094,8.073,8.051,8.03,8.009,7.989,7.969,7.949,7.93,7.911,7.894,7.877,7.862,7.846,7.83,7.814,7.798,7.781,7.763,7.744,7.726,7.708,7.689,7.67,7.651,7.631,7.611,7.59,7.57,7.549,7.528,7.507,7.486,7.464,7.441,7.416,7.391,7.367,7.342,7.317,7.292,7.268,7.244,7.221,7.199,7.179,7.162,7.147,7.135,7.123,7.113,7.105,7.097,7.09,7.085,7.08,7.075,7.071,7.069,7.069,7.07,7.071,7.075,7.081,7.09,7.101,7.113,7.128,7.143,7.159,7.178,7.197,7.216,7.235,7.255,7.275,7.296,7.318,7.343,7.369,7.395,7.424,7.452,7.482,7.511,7.541,7.572,7.603,7.633,7.665,7.696,7.727,7.757,7.787,7.817,7.846,7.875,7.902,7.93,7.958,7.985,8.012,8.038,8.063,8.088,8.111,8.133,8.152,8.169,8.185,8.198,8.21,8.221,8.23,8.237,8.243,8.249,8.254,8.259,8.262,8.263,8.267,8.268,8.277,8.285,8.291,8.297,8.301,8.305,8.307,8.308,8.308,8.307,8.306,8.304,8.303,8.301,8.297,8.291,8.285,8.277,8.268,8.258,8.247,8.237,8.226,8.214,8.201,8.187,8.173,8.157,8.14,8.123,0,0,0,0,0,0,0,0,0,0,0,0,0,0,0,0,0,0,0,0,0,0,0,0,0,0,0,0,0
3.38,0,0,0,0,0,0,0,0,8.541,8.524,8.509,8.493,0,0,0,8.439,0,8.418,0,0,8.391,8.383,8.378,8.374,8.371,8.368,8.365,8.362,8.359,8.355,8.352,8.348,8.344,8.339,8.333,8.326,8.319,8.311,8.282,8.255,8.229,8.204,8.197,8.189,8.182,8.161,8.153,8.132,8.122,8.112,8.091,8.069,8.048,8.027,8.007,7.987,7.967,7.948,7.93,7.913,7.896,7.88,7.865,7.849,7.833,7.816,7.799,7.781,7.763,7.745,7.727,7.708,7.69,7.671,7.651,7.631,7.611,7.59,7.57,7.549,7.529,7.508,7.486,7.463,7.438,7.414,7.39,7.366,7.341,7.316,7.293,7.27,7.248,7.226,7.207,7.19,7.175,7.163,7.152,7.142,7.134,7.127,7.12,7.115,7.11,7.106,7.102,7.1,7.1,7.101,7.103,7.107,7.113,7.122,7.132,7.144,7.158,7.173,7.19,7.208,7.226,7.245,7.264,7.284,7.304,7.324,7.346,7.37,7.395,7.422,7.449,7.477,7.507,7.535,7.564,7.593,7.624,7.654,7.684,7.714,7.745,7.774,7.803,7.832,7.861,7.889,7.915,7.943,7.97,7.997,8.023,8.048,8.073,8.097,8.12,8.141,8.16,8.176,8.192,8.205,8.217,8.228,8.237,8.244,8.25,8.256,8.262,8.266,8.27,8.272,8.275,8.277,8.277,8.285,8.291,8.296,8.3,8.304,8.306,8.306,8.306,8.305,8.304,8.302,8.3,8.298,8.294,8.289,8.283,8.275,8.266,8.256,8.245,8.236,8.225,8.214,8.202,8.188,8.175,8.16,8.144,8.127,8.111,0,0,0,0,0,0,0,0,0,0,0,0,0,0,0,0,0,0,0,0,0,0,0,0,0,0,0,0
3.718,0,0,0,0,0,0,0,8.675,8.659,8.644,8.629,8.613,8.599,8.585,8.572,8.56,8.548,8.538,8.527,8.517,8.508,8.5,8.493,8.488,8.483,8.479,8.474,8.469,8.465,8.46,8.455,8.45,8.445,8.439,8.432,8.425,8.417,8.391,8.365,8.341,8.318,8.296,8.275,8.254,8.234,8.214,8.193,8.173,8.152,8.131,8.11,8.088,8.067,8.047,8.026,8.006,7.987,7.968,7.949,7.932,7.915,7.9,7.884,7.868,7.852,7.836,7.819,7.801,7.783,7.765,7.747,7.729,7.711,7.692,7.673,7.653,7.633,7.613,7.593,7.572,7.552,7.532,7.51,7.488,7.464,7.44,7.416,7.392,7.368,7.344,7.321,7.298,7.277,7.256,7.237,7.22,7.206,7.194,7.183,7.174,7.166,7.159,7.152,7.147,7.143,7.138,7.135,7.133,7.133,7.134,7.136,7.14,7.146,7.155,7.165,7.177,7.191,7.206,7.222,7.239,7.258,7.276,7.294,7.314,7.333,7.353,7.375,7.398,7.423,7.448,7.475,7.502,7.53,7.557,7.585,7.614,7.644,7.673,7.702,7.732,7.761,7.79,7.818,7.846,7.874,7.901,7.927,7.954,7.98,8.007,8.032,8.057,8.081,8.105,8.127,8.147,8.166,8.182,8.198,8.211,8.223,8.233,8.242,8.25,8.256,8.262,8.268,8.273,8.277,8.279,8.282,8.285,8.286,8.285,8.283,8.288,8.291,8.295,8.296,8.296,8.296,8.294,8.293,8.291,8.289,8.287,8.283,8.277,8.272,8.265,8.256,8.247,8.236,8.227,8.217,8.206,8.195,8.182,8.169,8.156,8.14,8.125,8.11,8.095,8.082,0,0,0,0,0,0,0,0,0,0,0,0,0,0,0,0,0,0,0,0,0,0,0,0,0,0
4.056,0,0,0,0,0,0,0,8.688,8.673,8.658,8.643,8.628,8.614,8.6,8.588,8.576,8.564,8.554,8.543,8.534,8.525,8.517,8.51,8.505,8.5,8.496,8.491,8.486,8.482,8.477,8.472,8.467,8.461,8.455,8.448,8.441,8.433,8.407,8.382,8.358,8.335,8.313,8.292,8.272,8.252,8.232,8.211,8.191,8.17,8.149,8.127,8.106,8.085,8.064,8.044,8.024,8.005,7.986,7.968,7.95,7.934,7.918,7.903,7.887,7.871,7.855,7.838,7.82,7.802,7.785,7.767,7.749,7.731,7.713,7.694,7.674,7.654,7.635,7.615,7.595,7.575,7.555,7.534,7.512,7.488,7.465,7.442,7.418,7.394,7.371,7.349,7.326,7.305,7.285,7.266,7.25,7.236,7.224,7.213,7.204,7.196,7.19,7.184,7.179,7.174,7.17,7.167,7.165,7.165,7.166,7.168,7.172,7.178,7.187,7.197,7.209,7.222,7.237,7.253,7.27,7.288,7.306,7.323,7.342,7.361,7.38,7.402,7.424,7.448,7.472,7.498,7.525,7.552,7.578,7.606,7.634,7.662,7.69,7.719,7.747,7.776,7.804,7.831,7.859,7.886,7.912,7.938,7.964,7.99,8.016,8.04,8.064,8.088,8.112,8.133,8.154,8.172,8.188,8.203,8.217,8.228,8.239,8.248,8.255,8.262,8.268,8.274,8.279,8.283,8.285,8.29,8.292,8.294,8.294,8.292,8.291,8.287,8.29,8.292,8.291,8.291,8.289,8.288,8.286,8.284,8.282,8.277,8.272,8.267,8.26,8.252,8.243,8.234,8.225,8.216,8.206,8.195,8.183,8.171,8.158,8.144,8.13,8.116,8.102,8.09,8.078,8.067,0,0,0,0,0,0,0,0,0,0,0,0,0,0,0,0,0,0,0,0,0,0,0,0
4.394,0,0,0,0,0,0,8.743,8.727,8.713,8.697,8.683,8.668,8.653,8.64,8.627,8.615,8.603,8.593,8.582,8.572,8.563,8.555,8.548,8.543,8.538,8.533,8.528,8.523,8.518,8.513,8.507,8.502,8.495,8.489,8.482,8.474,8.448,8.423,8.398,8.375,8.352,8.33,8.309,8.289,8.269,8.249,8.228,8.208,8.187,8.166,8.144,8.123,8.102,8.082,8.062,8.042,8.022,8.003,7.985,7.968,7.951,7.936,7.92,7.905,7.889,7.872,7.856,7.838,7.82,7.803,7.785,7.768,7.75,7.732,7.713,7.694,7.675,7.655,7.636,7.616,7.597,7.577,7.556,7.535,7.511,7.488,7.465,7.442,7.419,7.396,7.374,7.352,7.331,7.311,7.293,7.277,7.263,7.252,7.242,7.233,7.226,7.219,7.214,7.209,7.205,7.2,7.197,7.196,7.196,7.197,7.199,7.203,7.209,7.217,7.227,7.239,7.252,7.266,7.282,7.299,7.316,7.334,7.351,7.37,7.388,7.407,7.428,7.45,7.473,7.496,7.521,7.547,7.573,7.599,7.625,7.652,7.68,7.707,7.735,7.763,7.791,7.818,7.845,7.871,7.898,7.924,7.949,7.974,7.999,8.024,8.049,8.072,8.096,8.119,8.14,8.16,8.178,8.194,8.209,8.222,8.233,8.244,8.253,8.26,8.267,8.273,8.279,8.285,8.289,8.292,8.296,8.299,8.301,8.301,8.3,8.299,8.296,8.293,8.295,8.294,8.294,8.292,8.291,8.288,8.287,8.285,8.28,8.275,8.27,8.264,8.256,8.248,8.24,8.232,8.223,8.213,8.203,8.192,8.181,8.169,8.155,8.142,8.129,8.116,8.104,8.093,8.083,8.073,0,0,0,0,0,0,0,0,0,0,0,0,0,0,0,0,0,0,0,0,0,0,0
4.732,0,0,0,0,0,0,8.752,8.737,8.723,8.708,8.693,8.679,8.665,8.651,8.639,8.627,8.616,8.606,8.595,8.586,8.577,8.569,8.562,8.556,8.552,8.547,8.542,8.537,8.532,8.526,8.521,8.515,8.509,8.502,8.495,8.487,8.462,8.437,8.413,8.389,8.367,8.345,8.324,8.304,8.284,8.264,8.244,8.223,8.202,8.181,8.16,8.139,8.118,8.097,8.078,8.058,8.038,8.019,8.001,7.984,7.968,7.953,7.937,7.922,7.905,7.89,7.873,7.856,7.838,7.821,7.803,7.786,7.769,7.751,7.732,7.713,7.694,7.675,7.656,7.637,7.618,7.599,7.578,7.557,7.534,7.511,7.489,7.466,7.443,7.42,7.399,7.378,7.357,7.338,7.32,7.305,7.291,7.281,7.271,7.262,7.255,7.249,7.244,7.24,7.236,7.232,7.229,7.228,7.228,7.229,7.231,7.235,7.241,7.249,7.259,7.27,7.284,7.297,7.313,7.329,7.346,7.363,7.38,7.399,7.417,7.435,7.455,7.476,7.499,7.521,7.546,7.57,7.596,7.621,7.646,7.673,7.699,7.726,7.753,7.78,7.807,7.833,7.859,7.885,7.911,7.936,7.96,7.985,8.01,8.035,8.058,8.082,8.105,8.127,8.148,8.167,8.185,8.2,8.215,8.228,8.239,8.249,8.258,8.266,8.272,8.279,8.285,8.29,8.295,8.298,8.302,8.306,8.308,8.309,8.308,8.307,8.305,8.302,8.3,8.294,8.294,8.292,8.291,8.289,8.287,8.285,8.281,8.276,8.271,8.266,8.259,8.251,8.243,8.236,8.228,8.219,8.209,8.199,8.189,8.178,8.165,8.153,8.141,8.129,8.119,8.109,8.1,8.09,8.081,8.072,0,0,0,0,0,0,0,0,0,0,0,0,0,0,0,0,0,0,0,0,0
5.07,0,0,0,0,0,8.802,8.786,8.771,8.757,8.742,8.728,8.714,8.7,8.686,8.674,8.662,8.651,8.641,8.63,8.621,8.612,8.604,8.597,8.591,8.586,8.581,8.576,8.57,8.565,8.56,8.554,8.548,8.541,8.534,8.527,8.502,8.477,8.453,8.429,8.406,8.384,8.362,8.342,8.322,8.302,8.282,8.261,8.241,8.22,8.199,8.178,8.157,8.136,8.116,8.096,8.076,8.057,8.038,8.02,8.003,7.986,7.971,7.956,7.941,7.925,7.909,7.892,7.875,7.857,7.84,7.823,7.806,7.789,7.771,7.753,7.735,7.716,7.697,7.679,7.66,7.641,7.623,7.603,7.583,7.56,7.538,7.516,7.494,7.471,7.449,7.428,7.407,7.387,7.368,7.351,7.336,7.324,7.314,7.304,7.296,7.29,7.284,7.279,7.275,7.272,7.268,7.266,7.264,7.265,7.266,7.268,7.272,7.277,7.286,7.295,7.307,7.319,7.333,7.348,7.364,7.381,7.397,7.414,7.431,7.449,7.466,7.486,7.507,7.528,7.55,7.573,7.597,7.621,7.645,7.67,7.695,7.721,7.746,7.772,7.798,7.824,7.849,7.874,7.898,7.923,7.948,7.971,7.995,8.02,8.044,8.067,8.089,8.112,8.134,8.154,8.173,8.19,8.205,8.219,8.231,8.242,8.252,8.261,8.268,8.275,8.282,8.288,8.294,8.298,8.301,8.306,8.31,8.313,8.314,8.314,8.313,8.311,8.31,8.308,8.303,8.298,8.296,8.295,8.293,8.291,8.289,8.286,8.282,8.277,8.272,8.266,8.259,8.251,8.245,8.237,8.229,8.221,8.211,8.202,8.192,8.18,8.169,8.158,8.147,8.137,8.129,8.12,8.112,8.103,8.095,8.086,0,0,0,0,0,0,0,0,0,0,0,0,0,0,0,0,0,0,0,0
5.408,0,0,0,8.896,8.878,8.861,8.846,8.831,8.816,8.802,8.787,8.773,8.759,8.745,8.733,8.721,8.709,8.699,8.688,8.678,8.669,8.66,8.653,8.646,8.641,8.635,8.629,8.624,8.618,8.612,8.606,8.599,8.592,8.565,8.54,8.517,8.493,8.469,8.445,8.423,8.401,8.38,8.36,8.34,8.32,8.3,8.28,8.259,8.238,8.217,8.196,8.175,8.154,8.133,8.114,8.094,8.074,8.056,8.038,8.021,8.004,7.989,7.974,7.958,7.942,7.926,7.91,7.893,7.875,7.858,7.841,7.824,7.807,7.789,7.772,7.753,7.735,7.716,7.698,7.68,7.662,7.644,7.625,7.604,7.583,7.561,7.539,7.517,7.495,7.473,7.453,7.432,7.413,7.394,7.378,7.363,7.351,7.342,7.333,7.326,7.32,7.314,7.31,7.306,7.303,7.3,7.297,7.296,7.297,7.298,7.3,7.304,7.309,7.317,7.327,7.338,7.35,7.363,7.378,7.393,7.408,7.423,7.439,7.456,7.471,7.488,7.506,7.525,7.545,7.566,7.588,7.61,7.633,7.656,7.679,7.703,7.727,7.751,7.776,7.8,7.824,7.847,7.87,7.894,7.917,7.94,7.962,7.985,8.009,8.031,8.054,8.076,8.098,8.119,8.139,8.157,8.174,8.188,8.202,8.214,8.224,8.234,8.243,8.25,8.257,8.264,8.27,8.276,8.281,8.284,8.29,8.294,8.297,8.299,8.299,8.299,8.298,8.297,8.295,8.292,8.289,8.284,8.283,8.282,8.281,8.28,8.277,8.274,8.27,8.266,8.261,8.255,8.249,8.243,8.236,8.23,8.222,8.214,8.206,8.197,8.188,8.178,8.169,8.16,8.152,8.145,8.138,8.131,8.124,8.118,8.11,8.103,0,0,0,0,0,0,0,0,0,0,0,0,0,0,0,0,0,0,0
5.746,0,0,0,8.889,8.872,8.856,8.841,8.828,8.814,8.8,8.787,8.773,8.76,8.747,8.735,8.723,8.713,8.702,8.692,8.682,8.674,8.665,8.658,8.652,8.647,8.641,8.636,8.63,8.625,8.619,8.612,8.606,8.599,8.574,8.551,8.529,8.506,8.483,8.461,8.439,8.418,8.397,8.377,8.358,8.338,8.319,8.298,8.278,8.257,8.236,8.215,8.193,8.172,8.151,8.132,8.112,8.092,8.073,8.055,8.038,8.022,8.006,7.991,7.975,7.959,7.943,7.927,7.909,7.892,7.875,7.857,7.841,7.824,7.806,7.789,7.77,7.752,7.734,7.716,7.698,7.681,7.663,7.645,7.625,7.604,7.582,7.561,7.539,7.517,7.496,7.476,7.455,7.436,7.419,7.403,7.389,7.377,7.368,7.36,7.354,7.348,7.344,7.34,7.336,7.334,7.331,7.329,7.328,7.329,7.331,7.333,7.337,7.342,7.35,7.359,7.37,7.382,7.394,7.408,7.423,7.437,7.452,7.467,7.483,7.497,7.512,7.529,7.548,7.566,7.585,7.606,7.627,7.648,7.67,7.692,7.714,7.737,7.759,7.782,7.805,7.827,7.849,7.871,7.893,7.915,7.937,7.958,7.98,8.002,8.024,8.046,8.067,8.088,8.108,8.128,8.145,8.161,8.175,8.188,8.2,8.21,8.22,8.228,8.235,8.242,8.248,8.255,8.26,8.265,8.269,8.274,8.279,8.282,8.285,8.286,8.287,8.286,8.286,8.285,8.283,8.28,8.277,8.274,8.269,8.265,8.258,8.256,8.254,8.251,8.248,8.243,8.239,8.234,8.229,8.224,8.218,8.212,8.206,8.199,8.192,8.184,8.176,8.169,8.162,8.155,8.15,8.145,8.139,8.134,8.129,8.123,8.117,8.111,8.105,8.099,8.093,0,0,0,0,0,0,0,0,0,0,0,0,0,0,0
6.084,0,0,0,8.877,8.861,8.847,8.833,8.82,8.808,8.795,8.782,8.769,8.757,8.745,8.734,8.723,8.713,8.703,8.694,8.684,8.676,8.668,8.661,8.655,8.65,8.645,8.639,8.634,8.629,8.623,8.617,8.611,8.604,8.581,8.56,8.539,8.518,8.496,8.475,8.454,8.434,8.414,8.394,8.375,8.356,8.336,8.316,8.296,8.275,8.254,8.233,8.212,8.191,8.17,8.15,8.13,8.111,8.092,8.074,8.057,8.04,8.024,8.009,7.993,7.977,7.961,7.945,7.928,7.91,7.894,7.877,7.861,7.844,7.827,7.81,7.792,7.774,7.757,7.739,7.722,7.705,7.688,7.67,7.651,7.631,7.61,7.589,7.568,7.547,7.526,7.506,7.486,7.468,7.451,7.436,7.423,7.412,7.404,7.397,7.391,7.386,7.382,7.379,7.376,7.374,7.372,7.371,7.37,7.371,7.373,7.375,7.379,7.385,7.392,7.401,7.411,7.423,7.435,7.448,7.462,7.476,7.491,7.505,7.519,7.534,7.548,7.564,7.581,7.598,7.615,7.634,7.653,7.673,7.692,7.713,7.734,7.755,7.776,7.797,7.818,7.839,7.86,7.88,7.9,7.921,7.942,7.963,7.983,8.005,8.026,8.047,8.067,8.087,8.107,8.126,8.142,8.157,8.171,8.183,8.193,8.203,8.212,8.22,8.227,8.234,8.24,8.246,8.252,8.257,8.26,8.266,8.271,8.275,8.278,8.279,8.281,8.281,8.281,8.282,8.28,8.279,8.276,8.275,8.271,8.268,8.262,8.239,8.207,8.16,8.104,8.041,7.974,7.965,7.957,7.948,7.939,7.929,7.919,7.908,7.897,7.885,7.873,7.861,7.848,7.836,7.825,7.813,7.801,7.789,7.776,7.763,7.749,7.735,7.72,7.704,7.688,7.671,7.654,7.637,7.619,7.6,7.581,0,0,0,0,0,0,0,0,0
6.422,0,8.948,8.931,8.915,8.9,8.886,8.873,8.86,8.848,8.836,8.823,8.811,8.799,8.787,8.776,8.766,8.756,8.746,8.737,8.727,8.719,8.711,8.704,8.698,8.692,8.686,8.681,8.675,8.669,8.663,8.657,8.636,8.615,8.592,8.571,8.55,8.53,8.509,8.489,8.469,8.449,8.429,8.41,8.392,8.373,8.353,8.334,8.314,8.294,8.274,8.253,8.232,8.212,8.192,8.172,8.153,8.134,8.116,8.098,8.081,8.065,8.05,8.034,8.019,8.003,7.987,7.971,7.955,7.938,7.922,7.905,7.89,7.874,7.858,7.841,7.823,7.806,7.789,7.772,7.756,7.739,7.723,7.706,7.688,7.668,7.648,7.628,7.608,7.587,7.567,7.547,7.528,7.511,7.494,7.48,7.467,7.457,7.45,7.444,7.438,7.434,7.431,7.428,7.426,7.424,7.423,7.422,7.422,7.423,7.425,7.427,7.43,7.435,7.443,7.451,7.46,7.47,7.482,7.494,7.507,7.52,7.534,7.547,7.56,7.573,7.586,7.601,7.617,7.632,7.648,7.665,7.682,7.7,7.718,7.737,7.757,7.776,7.796,7.815,7.835,7.854,7.873,7.892,7.911,7.931,7.951,7.97,7.99,8.01,8.03,8.05,8.07,8.09,8.109,8.127,8.143,8.158,8.17,8.182,8.193,8.202,8.212,8.219,8.227,8.233,8.24,8.247,8.253,8.259,8.263,8.269,8.273,8.278,8.281,8.283,8.285,8.286,8.287,8.288,8.288,8.287,8.286,8.285,8.283,8.282,8.276,8.275,8.274,8.273,8.272,8.27,8.267,8.264,8.262,8.258,8.255,8.251,8.247,8.242,8.238,8.232,8.227,8.222,8.217,8.213,8.209,8.206,8.202,8.199,8.196,8.192,8.188,8.183,8.179,8.174,8.17,0,0,0,0,0,0,0,0,0,0,0,0,0,0,0
6.76,0,8.918,8.903,8.888,8.875,8.862,8.85,8.838,8.827,8.816,8.804,8.793,8.782,8.771,8.761,8.752,8.743,8.734,8.725,8.717,8.709,8.702,8.695,8.69,8.684,8.679,8.674,8.668,8.663,8.657,8.651,8.632,8.613,8.592,8.572,8.553,8.534,8.515,8.495,8.477,8.458,8.439,8.421,8.403,8.384,8.365,8.346,8.327,8.307,8.288,8.268,8.247,8.227,8.208,8.189,8.17,8.152,8.134,8.117,8.1,8.085,8.07,8.055,8.04,8.025,8.01,7.994,7.978,7.962,7.946,7.93,7.915,7.9,7.884,7.868,7.851,7.834,7.818,7.801,7.785,7.769,7.754,7.737,7.72,7.701,7.681,7.662,7.643,7.623,7.604,7.585,7.567,7.55,7.535,7.521,7.51,7.501,7.494,7.488,7.483,7.48,7.477,7.475,7.473,7.472,7.471,7.471,7.471,7.472,7.474,7.476,7.48,7.485,7.492,7.499,7.508,7.518,7.529,7.54,7.552,7.564,7.577,7.589,7.601,7.613,7.626,7.639,7.653,7.667,7.682,7.697,7.713,7.729,7.746,7.763,7.781,7.799,7.817,7.835,7.853,7.871,7.889,7.906,7.924,7.942,7.961,7.979,7.998,8.017,8.036,8.055,8.074,8.093,8.111,8.128,8.143,8.157,8.169,8.18,8.19,8.199,8.208,8.215,8.222,8.228,8.235,8.241,8.247,8.253,8.257,8.263,8.267,8.272,8.275,8.278,8.28,8.282,8.284,8.285,8.285,8.286,8.286,8.286,8.285,8.285,8.279,8.257,8.227,8.18,8.125,8.064,7.998,7.921,7.841,7.757,7.671,7.658,7.645,7.632,7.617,7.602,7.587,7.571,7.555,7.539,7.522,7.506,7.489,7.471,7.453,7.434,7.413,7.392,7.37,7.347,7.323,7.298,7.272,7.244,7.216,7.187,7.156,7.124,7.09,7.056,7.018,0,0,0,0,0
7.098,0,8.906,8.891,8.878,8.865,8.853,8.841,8.831,8.821,8.81,8.8,8.789,8.779,8.769,8.76,8.752,8.743,8.736,8.728,8.72,8.713,8.706,8.7,8.695,8.69,8.685,8.68,8.674,8.669,8.663,8.657,8.64,8.623,8.602,8.583,8.564,8.546,8.527,8.509,8.491,8.473,8.455,8.437,8.419,8.401,8.382,8.363,8.344,8.325,8.306,8.286,8.266,8.246,8.227,8.208,8.19,8.171,8.153,8.137,8.12,8.105,8.09,8.075,8.061,8.045,8.03,8.015,7.999,7.983,7.968,7.953,7.937,7.922,7.906,7.89,7.873,7.857,7.841,7.825,7.809,7.794,7.779,7.763,7.746,7.728,7.709,7.691,7.672,7.653,7.634,7.617,7.599,7.583,7.568,7.555,7.545,7.536,7.53,7.525,7.521,7.518,7.516,7.515,7.514,7.513,7.513,7.513,7.514,7.515,7.518,7.52,7.524,7.529,7.537,7.544,7.553,7.563,7.573,7.584,7.596,7.608,7.619,7.631,7.643,7.654,7.666,7.678,7.691,7.704,7.717,7.731,7.745,7.761,7.776,7.792,7.809,7.826,7.842,7.859,7.875,7.891,7.907,7.924,7.94,7.958,7.975,7.992,8.01,8.028,8.046,8.065,8.083,8.1,8.118,8.134,8.148,8.161,8.172,8.183,8.192,8.201,8.209,8.216,8.222,8.228,8.234,8.24,8.246,8.252,8.256,8.262,8.267,8.271,8.274,8.277,8.28,8.282,8.283,8.286,8.286,8.287,8.288,8.29,8.29,8.291,8.285,8.264,8.234,8.188,8.133,8.072,8.007,7.93,7.851,7.767,7.682,7.596,7.582,7.568,7.553,7.537,7.521,7.505,7.488,7.471,7.454,7.437,7.419,7.4,7.381,7.361,7.339,7.317,7.293,7.269,7.243,7.216,7.188,7.159,7.129,7.097,7.064,7.03,6.994,6.957,6.917,6.875,0,0,0,0
7.436,0,8.868,8.856,8.844,8.834,8.823,8.814,8.805,8.796,8.787,8.778,8.769,8.761,8.752,8.745,8.737,8.73,8.724,8.717,8.71,8.704,8.698,8.693,8.688,8.684,8.679,8.674,8.669,8.664,8.659,8.653,8.638,8.623,8.605,8.587,8.57,8.554,8.537,8.52,8.504,8.487,8.47,8.453,8.437,8.419,8.402,8.384,8.366,8.347,8.329,8.31,8.291,8.272,8.253,8.235,8.217,8.199,8.182,8.166,8.15,8.134,8.12,8.105,8.091,8.076,8.061,8.046,8.031,8.015,8,7.985,7.97,7.955,7.939,7.923,7.907,7.891,7.875,7.859,7.844,7.83,7.815,7.799,7.783,7.765,7.747,7.729,7.711,7.693,7.675,7.657,7.641,7.625,7.611,7.599,7.589,7.581,7.575,7.57,7.567,7.564,7.562,7.562,7.561,7.56,7.56,7.561,7.561,7.563,7.565,7.568,7.572,7.577,7.583,7.591,7.599,7.608,7.618,7.628,7.639,7.65,7.661,7.671,7.682,7.692,7.703,7.714,7.726,7.737,7.749,7.761,7.774,7.788,7.803,7.817,7.832,7.848,7.863,7.878,7.893,7.908,7.922,7.937,7.953,7.969,7.986,8.002,8.019,8.036,8.053,8.071,8.088,8.106,8.122,8.138,8.152,8.164,8.175,8.184,8.193,8.201,8.21,8.216,8.223,8.229,8.235,8.24,8.246,8.252,8.256,8.262,8.267,8.271,8.275,8.278,8.281,8.283,8.285,8.288,8.289,8.291,8.293,8.295,8.296,8.298,8.293,8.294,8.294,8.296,8.297,8.296,8.296,8.296,8.296,8.295,8.294,8.292,8.291,8.289,8.287,8.284,8.282,8.279,8.277,8.275,8.273,8.272,8.271,8.27,8.269,8.267,8.265,8.263,8.26,8.258,8.255,0,0,0,0,0,0,0,0,0,0,0,0,0,0,0
7.774,8.865,8.854,8.844,8.834,8.825,8.817,8.809,8.801,8.794,8.786,8.779,8.772,8.764,8.757,8.751,8.745,8.738,8.733,8.727,8.721,8.716,8.711,8.706,8.702,8.697,8.693,8.689,8.684,8.679,8.671,8.657,8.644,8.631,8.613,8.596,8.579,8.565,8.549,8.534,8.519,8.504,8.488,8.472,8.457,8.44,8.423,8.406,8.389,8.372,8.354,8.336,8.318,8.299,8.281,8.264,8.246,8.229,8.212,8.196,8.181,8.166,8.152,8.138,8.123,8.109,8.094,8.079,8.064,8.048,8.034,8.019,8.004,7.989,7.974,7.958,7.942,7.926,7.911,7.895,7.881,7.866,7.852,7.836,7.82,7.803,7.785,7.768,7.751,7.733,7.716,7.699,7.683,7.668,7.654,7.643,7.633,7.626,7.62,7.616,7.613,7.61,7.609,7.608,7.608,7.607,7.608,7.608,7.609,7.611,7.613,7.615,7.619,7.623,7.63,7.636,7.644,7.652,7.661,7.671,7.68,7.69,7.7,7.709,7.719,7.728,7.738,7.748,7.758,7.768,7.778,7.79,7.801,7.814,7.826,7.84,7.853,7.867,7.881,7.894,7.908,7.921,7.935,7.949,7.963,7.978,7.994,8.009,8.025,8.042,8.059,8.076,8.092,8.109,8.125,8.14,8.153,8.165,8.175,8.184,8.193,8.201,8.209,8.216,8.222,8.229,8.235,8.24,8.247,8.252,8.257,8.263,8.267,8.272,8.276,8.279,8.283,8.285,8.288,8.291,8.294,8.296,8.299,8.302,8.304,8.307,8.302,8.303,8.304,8.306,8.308,8.309,8.309,8.31,8.31,8.31,8.31,8.31,8.309,8.308,8.307,8.306,8.304,8.302,8.3,8.299,8.298,8.298,8.297,8.297,8.296,8.295,8.294,8.292,8.29,8.288,8.286,0,0,0,0,0,0,0,0,0,0,0,0,0,0,0
8.112,8.814,8.806,8.798,8.791,8.785,8.779,8.773,8.767,8.762,8.756,8.751,8.745,8.739,8.734,8.729,8.724,8.719,8.715,8.71,8.706,8.701,8.697,8.693,8.69,8.686,8.683,8.679,8.674,8.67,8.664,8.653,8.643,8.632,8.616,8.601,8.587,8.574,8.56,8.546,8.533,8.519,8.505,8.49,8.476,8.46,8.445,8.429,8.413,8.397,8.38,8.363,8.346,8.328,8.311,8.295,8.278,8.261,8.245,8.229,8.214,8.199,8.185,8.171,8.157,8.142,8.128,8.113,8.098,8.082,8.068,8.053,8.039,8.024,8.009,7.993,7.977,7.961,7.946,7.931,7.917,7.903,7.889,7.874,7.858,7.841,7.824,7.807,7.791,7.773,7.756,7.74,7.725,7.71,7.697,7.686,7.677,7.67,7.665,7.661,7.658,7.656,7.654,7.654,7.654,7.654,7.654,7.654,7.655,7.657,7.659,7.661,7.665,7.669,7.674,7.68,7.687,7.695,7.703,7.711,7.72,7.728,7.737,7.745,7.754,7.762,7.77,7.779,7.788,7.797,7.806,7.815,7.825,7.836,7.847,7.859,7.871,7.884,7.896,7.908,7.92,7.932,7.944,7.957,7.97,7.985,7.999,8.014,8.029,8.045,8.061,8.077,8.094,8.11,8.125,8.139,8.152,8.163,8.173,8.182,8.191,8.198,8.207,8.213,8.22,8.227,8.233,8.239,8.245,8.251,8.257,8.263,8.267,8.272,8.276,8.28,8.284,8.287,8.29,8.295,8.298,8.301,8.305,8.309,8.312,8.315,8.311,8.29,8.292,8.294,8.296,8.297,8.298,8.299,8.3,8.301,8.301,8.301,8.301,8.301,8.3,8.299,8.297,8.296,8.294,8.293,8.292,8.292,8.291,8.29,8.289,8.287,8.285,8.283,8.28,8.277,8.274,8.272,0,0,0,0,0,0,0,0,0,0,0,0,0,0
8.45,0,8.763,8.757,8.752,8.747,8.743,8.739,8.735,8.731,8.727,8.723,8.719,8.715,8.711,8.707,8.704,8.7,8.697,8.693,8.69,8.687,8.683,8.681,8.678,8.675,8.672,8.668,8.664,8.66,8.656,8.651,8.643,8.634,8.618,8.604,8.59,8.579,8.567,8.554,8.542,8.53,8.517,8.504,8.492,8.478,8.463,8.448,8.433,8.418,8.402,8.387,8.37,8.354,8.338,8.323,8.307,8.291,8.276,8.261,8.246,8.232,8.218,8.205,8.191,8.176,8.161,8.147,8.132,8.117,8.102,8.088,8.074,8.059,8.044,8.028,8.013,7.997,7.983,7.968,7.954,7.941,7.927,7.912,7.897,7.88,7.864,7.848,7.832,7.815,7.799,7.783,7.768,7.754,7.742,7.731,7.723,7.716,7.711,7.708,7.705,7.704,7.703,7.703,7.702,7.702,7.703,7.703,7.704,7.706,7.708,7.71,7.713,7.717,7.722,7.727,7.733,7.74,7.747,7.755,7.762,7.77,7.778,7.785,7.792,7.8,7.807,7.814,7.822,7.829,7.837,7.845,7.853,7.863,7.872,7.883,7.893,7.904,7.914,7.925,7.935,7.946,7.956,7.968,7.98,7.993,8.007,8.021,8.035,8.05,8.066,8.081,8.097,8.112,8.127,8.141,8.153,8.164,8.173,8.181,8.189,8.197,8.205,8.212,8.219,8.225,8.232,8.239,8.245,8.252,8.258,8.264,8.268,8.273,8.278,8.282,8.286,8.29,8.294,8.298,8.302,8.306,8.31,8.315,8.32,8.323,8.318,8.299,8.27,8.227,8.174,8.116,8.053,7.978,7.901,7.82,7.737,7.652,7.565,7.478,7.39,7.374,7.358,7.34,7.322,7.304,7.284,7.265,7.244,7.223,7.201,7.177,7.152,7.126,7.099,7.07,7.04,7.009,6.977,6.942,6.906,6.869,6.829,6.787,6.743,6.697,6.648,6.596,6.542,6.485,6.424,0
8.788,8.716,8.713,8.71,8.708,8.705,8.703,8.701,8.7,8.698,8.695,8.693,8.691,8.688,8.686,8.684,8.682,8.68,8.678,8.676,8.674,8.671,8.669,8.668,8.666,8.664,8.661,8.659,8.655,8.648,8.647,8.64,8.633,8.627,8.613,8.601,8.589,8.579,8.569,8.558,8.548,8.537,8.527,8.516,8.505,8.493,8.479,8.466,8.453,8.439,8.425,8.41,8.395,8.381,8.366,8.352,8.337,8.322,8.307,8.293,8.279,8.266,8.252,8.239,8.225,8.211,8.196,8.182,8.167,8.152,8.138,8.124,8.11,8.095,8.08,8.065,8.05,8.035,8.021,8.007,7.993,7.98,7.966,7.952,7.937,7.921,7.905,7.889,7.874,7.858,7.842,7.827,7.812,7.799,7.787,7.777,7.769,7.763,7.759,7.756,7.754,7.753,7.752,7.752,7.752,7.753,7.753,7.754,7.755,7.757,7.759,7.761,7.764,7.767,7.771,7.776,7.782,7.788,7.794,7.801,7.808,7.814,7.821,7.828,7.834,7.841,7.847,7.853,7.86,7.866,7.872,7.879,7.886,7.894,7.902,7.911,7.92,7.93,7.939,7.948,7.957,7.966,7.976,7.986,7.997,8.009,8.022,8.035,8.048,8.063,8.077,8.092,8.107,8.122,8.136,8.149,8.16,8.171,8.179,8.188,8.195,8.203,8.211,8.217,8.224,8.231,8.237,8.244,8.251,8.258,8.264,8.271,8.276,8.281,8.286,8.29,8.295,8.299,8.303,8.308,8.312,8.317,8.322,8.327,8.332,8.335,8.331,8.311,8.283,8.286,8.289,8.291,8.293,8.295,8.297,8.299,8.301,8.302,8.302,8.303,8.304,8.304,8.303,8.303,8.302,8.301,8.3,8.3,8.299,8.297,8.296,8.294,8.291,8.289,8.285,8.282,8.278,8.274,8.27,0,0,0,0,0,0,0,0,0,0,0,0,0
9.126,8.674,8.673,8.672,8.671,8.671,8.67,8.67,8.67,8.67,8.669,8.668,8.667,8.666,8.665,8.664,8.664,8.663,8.662,8.661,8.66,8.659,8.657,8.656,8.655,8.654,8.652,8.65,8.647,8.641,8.641,8.635,8.631,8.626,8.613,8.601,8.589,8.581,8.572,8.564,8.555,8.547,8.538,8.528,8.519,8.508,8.496,8.484,8.473,8.46,8.447,8.434,8.42,8.407,8.394,8.381,8.367,8.354,8.34,8.326,8.313,8.3,8.287,8.274,8.26,8.246,8.232,8.218,8.203,8.189,8.175,8.161,8.147,8.133,8.118,8.104,8.089,8.074,8.061,8.047,8.034,8.021,8.008,7.994,7.979,7.964,7.949,7.934,7.919,7.904,7.889,7.874,7.86,7.847,7.836,7.827,7.82,7.814,7.81,7.808,7.806,7.805,7.805,7.806,7.806,7.807,7.807,7.808,7.809,7.811,7.813,7.815,7.817,7.821,7.825,7.829,7.834,7.839,7.845,7.851,7.857,7.863,7.869,7.875,7.881,7.887,7.892,7.898,7.903,7.909,7.914,7.92,7.925,7.932,7.938,7.946,7.954,7.962,7.969,7.977,7.984,7.992,8,8.01,8.02,8.031,8.042,8.054,8.067,8.08,8.094,8.108,8.122,8.136,8.149,8.161,8.172,8.182,8.19,8.198,8.205,8.213,8.22,8.227,8.233,8.24,8.247,8.254,8.261,8.268,8.275,8.282,8.288,8.293,8.298,8.303,8.307,8.311,8.316,8.321,8.326,8.33,8.335,8.341,8.346,8.349,8.345,8.348,8.352,8.356,8.36,8.364,8.368,8.372,8.376,8.38,8.384,8.387,8.39,8.393,8.396,8.398,8.4,8.402,8.403,8.405,8.407,8.409,8.411,8.412,8.414,8.414,8.415,8.415,8.415,8.415,8.414,0,0,0,0,0,0,0,0,0,0,0,0,0,0,0
9.464,8.608,8.609,8.611,8.613,8.615,8.617,8.619,8.622,8.623,8.625,8.626,8.627,8.627,8.628,8.629,8.63,8.63,8.631,8.631,8.631,8.632,8.632,8.632,8.631,8.631,8.63,8.629,8.627,8.621,8.624,8.618,8.616,8.613,8.603,8.593,8.584,8.578,8.571,8.565,8.559,8.553,8.546,8.538,8.53,8.521,8.511,8.501,8.491,8.481,8.469,8.457,8.445,8.433,8.421,8.409,8.397,8.385,8.372,8.358,8.346,8.333,8.32,8.307,8.294,8.28,8.266,8.252,8.237,8.222,8.209,8.195,8.181,8.167,8.153,8.139,8.124,8.11,8.097,8.083,8.071,8.058,8.045,8.032,8.019,8.004,7.989,7.975,7.961,7.946,7.932,7.918,7.905,7.893,7.883,7.874,7.867,7.862,7.859,7.857,7.856,7.855,7.855,7.856,7.857,7.858,7.859,7.86,7.861,7.863,7.865,7.866,7.869,7.873,7.877,7.881,7.885,7.89,7.896,7.901,7.907,7.912,7.918,7.923,7.928,7.934,7.939,7.944,7.949,7.954,7.958,7.963,7.968,7.973,7.979,7.986,7.992,7.999,8.005,8.012,8.018,8.024,8.031,8.04,8.049,8.058,8.069,8.08,8.092,8.104,8.117,8.13,8.143,8.156,8.169,8.18,8.19,8.199,8.207,8.214,8.221,8.228,8.236,8.242,8.249,8.255,8.262,8.27,8.277,8.284,8.291,8.299,8.305,8.311,8.317,8.322,8.326,8.331,8.335,8.341,8.345,8.35,8.356,8.361,8.366,8.368,8.364,8.367,8.371,8.376,8.381,8.385,8.39,8.395,8.399,8.403,8.408,8.411,8.415,8.419,8.423,8.426,8.429,8.431,8.433,8.436,8.438,8.44,8.442,8.444,8.447,8.448,8.449,8.45,8.45,8.45,8.45,0,0,0,0,0,0,0,0,0,0,0,0,0,0,0
9.802,0,8.539,8.544,8.549,8.554,8.559,8.563,8.568,8.572,8.575,8.579,8.582,8.584,8.587,8.589,8.592,8.594,8.596,8.598,8.599,8.601,8.602,8.603,8.604,8.605,8.605,8.605,8.604,8.598,8.603,8.6,8.6,8.6,8.592,8.585,8.578,8.573,8.57,8.566,8.562,8.558,8.553,8.547,8.541,8.534,8.526,8.518,8.509,8.501,8.491,8.481,8.471,8.461,8.45,8.44,8.429,8.418,8.406,8.393,8.381,8.368,8.356,8.343,8.33,8.316,8.302,8.288,8.273,8.259,8.245,8.232,8.219,8.205,8.191,8.177,8.163,8.149,8.136,8.124,8.112,8.099,8.087,8.074,8.061,8.047,8.033,8.02,8.006,7.993,7.979,7.966,7.954,7.943,7.933,7.926,7.92,7.915,7.913,7.911,7.91,7.91,7.91,7.912,7.913,7.914,7.915,7.916,7.917,7.919,7.921,7.922,7.925,7.928,7.931,7.935,7.939,7.943,7.948,7.953,7.959,7.964,7.969,7.974,7.979,7.984,7.988,7.993,7.998,8.001,8.005,8.009,8.012,8.017,8.022,8.027,8.033,8.038,8.043,8.048,8.053,8.059,8.065,8.072,8.08,8.089,8.098,8.108,8.119,8.13,8.138,8.151,8.163,8.175,8.187,8.198,8.203,8.211,8.219,8.226,8.232,8.239,8.247,8.253,8.26,8.267,8.274,8.281,8.289,8.297,8.305,8.313,8.32,8.327,8.333,8.338,8.344,8.349,8.354,8.36,0,8.37,8.375,8.381,8.385,8.387,0,8.386,8.391,8.396,8.401,8.406,8.411,8.417,8.422,8.426,8.432,8.436,8.441,8.446,8.45,8.454,8.458,8.461,8.464,8.467,8.47,8.473,8.476,8.478,8.478,8.48,8.482,8.483,8.484,8.484,8.484,0,0,0,0,0,0,0,0,0,0,0,0,0,0,0
10.14,8.484,8.491,8.498,8.505,8.512,8.519,8.525,8.532,8.537,8.542,8.547,8.552,8.556,8.559,8.563,8.567,8.57,8.574,8.577,8.579,8.582,8.584,8.586,8.588,8.589,8.59,8.59,8.59,8.584,8.592,8.593,8.595,8.596,8.588,8.582,8.575,8.574,8.572,8.571,8.569,8.567,8.564,8.56,8.556,8.55,8.543,8.536,8.53,8.523,8.514,8.506,8.497,8.488,8.479,8.47,8.461,8.451,8.439,8.427,8.415,8.403,8.39,8.378,8.365,8.351,8.337,8.323,8.308,8.294,8.281,8.268,8.255,8.242,8.228,8.215,8.201,8.188,8.175,8.163,8.152,8.14,8.128,8.116,8.104,8.091,8.077,8.064,8.052,8.039,8.027,8.015,8.003,7.993,7.984,7.977,7.972,7.968,7.966,7.965,7.965,7.965,7.966,7.967,7.968,7.97,7.971,7.972,7.973,7.975,7.977,7.978,7.98,7.983,7.986,7.989,7.993,7.997,8.001,8.006,8.01,8.015,8.02,8.024,8.029,8.034,8.038,8.042,8.046,8.049,8.051,8.054,8.057,8.06,8.064,8.069,8.073,8.077,8.081,8.085,8.089,8.093,8.099,8.105,8.112,8.12,8.128,8.137,8.147,8.158,8.168,8.18,8.191,8.202,8.213,8.222,8.231,8.238,8.245,8.251,8.257,8.263,8.27,8.276,8.282,8.289,8.296,8.304,8.312,8.319,8.327,8.335,8.342,8.349,8.356,8.362,8.368,8.373,8.379,8.385,8.389,8.394,8.399,8.404,8.408,8.41,8.405,8.409,8.414,8.419,8.425,8.43,8.435,8.441,8.446,8.451,8.457,8.462,8.467,8.472,8.477,8.481,8.485,8.489,8.492,8.495,8.498,8.502,8.504,8.507,8.51,8.512,8.514,8.516,8.517,8.517,8.518,0,0,0,0,0,0,0,0,0,0,0,0,0,0,0
10.478,8.377,8.388,8.398,8.409,8.419,8.429,8.438,8.447,8.456,8.463,8.471,8.478,8.484,8.49,8.496,8.502,8.507,8.512,8.517,8.521,8.526,8.53,8.533,8.536,8.539,8.541,8.543,8.567,8.562,8.572,8.576,8.58,8.583,8.578,8.574,8.569,8.57,8.571,8.572,8.573,8.573,8.572,8.57,8.568,8.564,8.558,8.553,8.548,8.543,8.535,8.529,8.522,8.514,8.507,8.499,8.491,8.481,8.47,8.458,8.447,8.435,8.423,8.41,8.397,8.383,8.369,8.355,8.341,8.327,8.313,8.3,8.288,8.275,8.262,8.249,8.235,8.222,8.211,8.199,8.188,8.176,8.165,8.153,8.141,8.129,8.116,8.104,8.092,8.08,8.068,8.057,8.046,8.037,8.029,8.023,8.018,8.015,8.013,8.013,8.013,8.013,8.014,8.016,8.017,8.018,8.02,8.021,8.022,8.024,8.025,8.026,8.029,8.031,8.034,8.037,8.04,8.044,8.048,8.052,8.056,8.061,8.065,8.069,8.073,8.078,8.082,8.085,8.089,8.091,8.093,8.095,8.097,8.099,8.103,8.106,8.109,8.113,8.115,8.118,8.121,8.124,8.129,8.134,8.14,8.147,8.155,8.163,8.172,8.182,8.191,8.202,8.212,8.223,8.232,8.241,8.249,8.256,8.262,8.267,8.273,8.279,8.285,8.291,8.298,8.304,8.312,8.319,8.327,8.335,8.344,8.352,8.36,8.367,8.374,8.38,8.387,8.393,8.399,8.405,8.411,8.416,8.42,8.425,8.429,8.43,8.425,8.429,8.434,8.44,8.446,8.452,8.458,8.464,8.469,8.475,8.481,8.486,8.492,8.497,8.503,8.508,8.512,8.516,8.52,8.523,8.527,8.53,8.533,8.536,8.54,8.542,8.545,8.547,8.548,8.549,8.55,0,0,0,0,0,0,0,0,0,0,0,0,0,0,0
10.816,8.307,8.32,8.333,8.345,8.357,8.369,8.381,8.392,8.403,8.412,8.421,8.43,8.438,8.446,8.453,8.461,8.468,8.474,8.481,8.486,8.492,8.497,8.502,8.506,8.51,8.513,8.516,8.54,8.536,8.547,8.555,8.56,8.566,8.563,8.561,8.56,8.563,8.567,8.57,8.573,8.576,8.577,8.577,8.576,8.574,8.571,8.567,8.564,8.56,8.554,8.549,8.543,8.538,8.531,8.525,8.517,8.509,8.499,8.488,8.477,8.465,8.453,8.441,8.428,8.414,8.4,8.386,8.372,8.358,8.345,8.332,8.32,8.308,8.295,8.282,8.269,8.256,8.245,8.234,8.223,8.212,8.201,8.189,8.178,8.166,8.154,8.142,8.131,8.119,8.108,8.098,8.088,8.079,8.071,8.066,8.062,8.059,8.058,8.057,8.058,8.059,8.06,8.061,8.063,8.064,8.065,8.067,8.068,8.069,8.071,8.072,8.074,8.076,8.078,8.081,8.084,8.087,8.091,8.095,8.099,8.103,8.108,8.112,8.116,8.12,8.123,8.127,8.129,8.131,8.132,8.134,8.135,8.136,8.139,8.142,8.144,8.147,8.149,8.151,8.153,8.155,8.159,8.164,8.169,8.175,8.183,8.19,8.198,8.207,8.216,8.226,8.236,8.245,8.254,8.262,8.27,8.276,8.281,8.286,8.292,8.297,8.304,8.31,8.316,8.323,8.33,8.338,8.346,8.354,8.363,8.372,8.379,8.387,8.394,8.401,8.408,8.415,8.421,8.428,8.434,8.439,8.443,8.448,8.451,8.453,8.448,8.452,8.457,8.463,8.47,8.476,8.482,8.489,8.495,8.5,8.507,8.512,8.518,8.524,8.53,8.535,8.54,8.544,8.548,8.552,8.555,8.559,8.562,8.565,8.569,8.571,8.574,8.576,8.578,8.58,8.581,0,0,0,0,0,0,0,0,0,0,0,0,0,0,0
11.154,8.234,8.248,8.263,8.278,8.292,8.306,8.32,8.333,8.346,8.357,8.368,8.379,8.388,8.397,8.407,8.416,8.424,8.433,8.44,8.447,8.454,8.461,8.467,8.472,8.477,8.482,8.485,8.51,8.506,8.52,8.53,8.538,8.545,8.545,8.547,8.549,8.554,8.56,8.567,8.572,8.576,8.58,8.581,8.583,8.583,8.581,8.579,8.577,8.575,8.57,8.567,8.571,8.567,8.571,8.565,8.559,8.551,8.541,8.531,8.52,8.509,8.504,8.492,8.478,8.464,8.449,8.435,8.421,8.406,8.393,8.379,8.367,8.354,8.34,8.327,8.314,8.301,8.289,8.278,8.267,8.256,0,8.233,0,8.209,8.197,8.185,8.174,8.163,8.151,8.141,0,8.122,8.115,8.109,8.105,8.103,8.102,8.102,8.103,8.104,8.105,8.106,8.108,8.109,8.11,8.112,8.113,8.114,8.115,8.116,8.117,8.119,8.119,8.122,8.124,8.127,8.131,8.134,8.138,8.142,8.146,8.149,8.153,8.157,8.16,8.163,8.165,8.167,8.167,8.168,8.169,8.17,8.172,8.175,8.176,8.178,8.18,8.181,8.183,8.185,8.188,8.192,8.197,8.202,8.209,8.216,8.224,8.232,8.24,8.25,8.259,8.268,8.276,8.284,8.29,8.296,8.301,8.306,8.311,8.316,8.322,8.328,8.335,8.342,8.349,8.357,8.365,8.374,8.383,8.392,8.4,8.408,8.416,8.423,8.431,8.438,8.445,8.452,8.458,8.464,8.468,8.473,8.476,8.477,8.482,8.487,8.492,8.499,8.506,8.513,8.52,8.527,8.534,8.54,8.546,8.553,8.559,8.566,8.572,8.578,8.583,8.588,8.592,8.596,8.6,8.605,8.608,8.612,8.616,8.62,8.623,8.626,8.629,8.631,0,0,0,0,0,0,0,0,0,0,0,0,0,0,0,0
11.492,8.17,8.187,8.203,8.22,8.236,8.251,8.266,8.281,8.296,8.308,8.321,8.333,8.344,8.355,8.365,8.376,8.386,8.395,8.404,8.412,8.42,8.428,8.435,8.442,8.448,8.453,8.457,8.483,8.479,8.493,8.504,8.513,8.522,8.525,8.53,8.534,8.543,8.551,8.559,8.566,8.573,8.578,8.582,8.585,8.587,8.587,8.587,8.586,8.585,8.582,8.58,8.578,8.574,8.57,8.566,8.561,8.554,8.546,8.536,8.526,8.516,8.505,8.493,8.481,8.467,8.454,8.441,8.427,8.414,8.401,8.389,8.377,8.365,8.353,8.34,8.328,8.317,8.306,8.295,8.285,8.275,8.265,8.254,8.244,8.233,8.222,8.211,8.201,8.191,8.181,8.171,8.162,8.154,8.148,8.143,8.139,8.137,8.136,8.137,8.137,8.138,8.139,8.14,8.142,8.143,8.144,8.145,8.146,8.147,8.148,8.148,8.15,8.151,8.153,8.155,8.157,8.16,8.163,8.166,8.17,8.174,8.178,8.181,8.185,8.189,8.192,8.194,8.196,8.197,8.197,8.198,8.198,8.199,8.2,8.202,8.203,8.205,8.206,8.207,8.208,8.21,8.212,8.216,8.22,8.225,8.232,8.238,8.245,8.253,8.261,8.27,8.278,8.287,8.295,8.302,8.308,8.314,8.318,8.323,8.328,8.333,8.34,8.346,8.352,8.359,8.367,8.375,8.384,8.393,8.402,8.412,8.42,8.428,8.436,8.444,8.452,8.46,8.467,8.475,8.482,8.488,8.493,8.497,8.501,8.503,8.508,8.513,8.52,8.527,8.534,8.541,8.549,8.556,8.563,8.569,8.576,8.583,8.589,8.596,8.602,8.608,8.614,8.618,8.623,8.627,8.631,8.636,8.64,8.643,8.648,8.651,8.655,8.659,8.662,8.664,0,0,0,0,0,0,0,0,0,0,0,0,0,0,0,0
11.83,0,8.111,8.133,0,0,0,8.214,8.233,8.251,8.267,8.282,8.297,8.311,8.324,8.337,8.35,8.362,8.373,8.384,8.394,8.403,8.412,8.421,8.429,8.436,8.442,8.448,8.476,8.479,8.495,8.496,8.508,8.519,8.519,8.518,8.516,8.527,8.538,8.548,8.557,8.566,8.573,8.579,8.584,8.587,8.589,8.59,8.591,8.592,8.59,8.59,8.588,8.586,8.583,8.58,8.576,8.57,8.563,8.554,8.545,8.535,8.524,8.513,8.501,8.487,8.474,8.461,8.448,8.435,8.422,8.41,8.399,8.387,8.375,8.363,8.352,8.34,8.33,8.32,8.31,8.301,8.291,8.281,8.271,8.26,8.25,8.24,8.23,8.22,8.211,8.201,8.193,8.185,8.179,8.174,8.171,8.169,8.169,8.169,8.169,8.17,8.171,8.172,8.173,8.174,8.175,8.176,8.177,8.178,8.178,8.179,8.18,8.181,8.182,8.184,8.186,8.188,8.191,8.194,8.198,8.201,8.205,8.209,8.212,8.216,8.219,8.221,8.222,8.223,8.223,8.223,8.223,8.223,8.225,8.226,8.227,8.228,8.229,8.229,8.23,8.231,8.233,8.237,8.241,8.246,8.251,8.258,8.264,8.272,8.279,8.288,8.296,8.304,8.312,8.319,8.325,8.33,8.335,8.34,8.344,8.35,8.357,8.363,8.369,8.376,8.384,8.392,8.401,8.411,8.421,8.43,8.439,8.448,8.456,8.465,8.473,8.481,8.489,8.498,8.505,8.512,8.517,8.523,8.528,8.531,8.536,8.542,8.548,8.556,8.564,8.571,8.579,8.586,8.593,8.6,8.607,8.614,8.62,8.627,8.634,8.64,8.645,8.65,8.655,8.66,8.664,8.668,8.672,8.676,8.68,8.684,8.688,8.692,8.695,8.698,0,0,0,0,0,0,0,0,0,0,0,0,0,0,0,0
12.168,8.034,8.053,8.073,8.093,8.113,8.132,8.15,8.169,8.186,8.202,8.218,8.233,8.247,8.26,8.273,8.286,8.299,8.31,8.322,8.332,8.342,8.352,8.361,8.369,8.377,8.384,8.39,8.417,8.414,8.428,8.44,8.452,8.465,8.475,8.485,8.495,8.509,8.522,8.534,8.546,8.556,8.565,8.573,8.58,8.585,8.588,8.592,8.594,8.596,8.596,8.597,8.597,8.596,8.595,8.592,8.589,8.585,8.578,8.57,8.562,8.552,8.542,8.532,8.52,8.506,8.493,8.48,8.467,8.454,8.442,8.43,8.419,8.408,8.396,8.385,8.374,8.363,8.353,8.343,8.334,8.325,8.316,8.306,8.296,8.286,8.276,8.266,8.257,8.248,8.239,8.23,8.221,8.214,8.208,8.204,8.201,8.199,8.198,8.198,8.199,8.2,8.2,8.202,8.202,8.203,8.204,8.205,8.205,8.206,8.206,8.206,8.207,8.208,8.21,8.211,8.213,8.215,8.218,8.221,8.224,8.227,8.231,8.235,8.238,8.242,8.245,8.247,8.248,8.248,8.248,8.248,8.247,8.247,8.249,8.25,8.25,8.251,8.252,8.252,8.252,8.253,8.255,8.258,8.262,8.267,8.272,8.278,8.285,8.292,8.3,8.308,8.316,8.324,8.331,8.338,8.344,8.349,8.354,8.358,8.363,8.369,8.375,8.381,8.388,8.395,8.403,8.412,8.421,8.43,8.44,8.45,8.459,8.468,8.477,8.485,8.494,8.502,8.511,8.519,8.527,8.534,8.54,8.547,8.552,8.556,8.561,8.567,8.574,8.582,8.59,8.597,8.605,8.613,8.62,8.627,8.634,8.641,8.647,8.654,8.661,8.667,8.673,8.678,8.682,8.687,8.691,8.695,8.699,8.703,8.707,8.711,8.715,8.718,8.722,8.725,0,0,0,0,0,0,0,0,0,0,0,0,0,0,0,0
12.506,0,7.982,8.006,0,0,0,8.101,8.124,8.145,8.164,8.183,8.201,8.217,8.233,8.249,8.264,8.278,8.292,8.305,8.317,8.329,8.34,8.35,8.36,8.369,8.377,8.384,8.413,8.418,8.434,8.437,8.452,8.468,8.469,8.469,8.469,8.485,8.5,8.515,8.528,8.541,8.552,8.561,8.57,8.577,8.582,8.587,8.591,8.594,8.596,8.598,8.6,8.6,8.6,8.599,8.597,8.594,8.588,8.581,8.573,8.565,8.556,8.546,8.534,8.521,8.508,8.496,8.483,8.471,8.459,8.448,8.437,8.427,8.415,8.405,8.394,8.384,8.374,8.365,8.356,8.347,8.338,8.329,8.32,8.31,8.3,8.291,8.282,8.273,8.264,8.255,8.247,8.24,8.235,8.231,8.228,8.226,8.225,8.225,8.226,8.226,8.227,8.228,8.228,8.229,8.23,8.23,8.231,8.231,8.232,8.231,8.232,8.233,8.234,8.235,8.237,8.239,8.241,8.244,8.247,8.25,8.254,8.257,8.261,8.265,8.268,8.27,8.271,8.271,8.271,8.271,8.27,8.27,8.271,8.272,8.272,8.273,8.273,8.273,8.274,8.275,8.277,8.28,8.284,8.288,8.294,8.3,8.306,8.313,8.321,8.329,8.337,8.345,8.352,8.359,8.365,8.37,8.374,8.379,8.384,8.389,8.396,8.402,8.409,8.417,8.425,8.433,8.443,8.452,8.463,8.473,8.482,8.491,8.5,8.508,8.517,8.526,8.535,8.544,8.552,8.56,8.567,8.575,8.581,8.586,8.592,8.598,8.605,8.612,8.62,8.628,8.636,8.644,8.651,8.658,8.665,8.672,8.678,8.685,8.692,8.698,8.704,8.709,8.713,8.718,8.722,8.726,8.73,8.734,8.738,8.742,8.746,8.75,8.753,8.757,0,0,0,0,0,0,0,0,0,0,0,0,0,0,0,0
12.844,7.878,7.901,7.924,7.948,7.971,7.995,8.017,8.039,8.059,8.079,8.098,8.116,8.133,8.15,8.166,8.182,8.197,8.211,8.225,8.238,8.25,8.262,8.273,8.284,8.294,8.302,8.31,8.338,8.344,8.359,8.371,8.387,8.403,8.416,8.43,8.445,8.462,8.479,8.495,8.511,8.525,8.538,8.549,8.559,8.568,8.575,8.581,8.587,8.592,8.595,8.599,8.601,8.603,8.604,8.605,8.604,8.602,8.597,8.591,8.584,8.577,8.568,8.559,8.548,8.535,8.523,8.511,8.498,8.486,8.475,8.465,8.454,8.444,8.433,8.423,8.413,8.403,8.394,8.385,8.377,8.368,8.359,8.35,8.341,8.332,8.322,8.313,8.304,8.296,8.287,8.278,8.27,8.263,8.258,8.254,8.251,8.249,8.248,8.248,8.248,8.249,8.249,8.25,8.25,8.25,8.251,8.251,8.251,8.252,8.252,8.251,8.252,8.252,8.253,8.255,8.256,8.258,8.26,8.262,8.265,8.269,8.27,8.274,8.277,8.281,8.284,8.286,8.287,8.287,8.288,8.288,8.287,8.287,8.287,8.288,8.289,8.29,8.29,8.29,8.291,8.292,8.294,8.298,8.302,8.307,8.313,8.319,8.326,8.334,8.337,8.346,0,8.363,8.37,8.377,8.383,8.389,8.394,8.398,0,8.41,8.417,8.423,8.431,8.439,8.447,8.456,8.466,8.477,8.488,8.498,8.508,8.518,8.527,8.536,8.546,8.556,8.565,8.576,0,8.595,8.599,8.608,8.616,8.622,8.629,8.635,8.643,8.652,8.652,8.66,8.668,8.676,8.683,8.69,8.698,8.705,8.711,8.719,8.725,8.731,8.737,8.742,8.747,8.752,8.756,8.76,8.764,8.767,8.767,8.771,8.775,8.779,8.783,8.786,0,0,0,0,0,0,0,0,0,0,0,0,0,0,0,0
13.182,0,7.863,7.89,0,0,0,7.995,8.02,8.043,8.065,8.086,8.107,8.126,8.144,8.162,8.18,8.196,8.212,8.227,8.241,8.255,8.267,8.279,8.291,8.301,8.311,8.32,8.349,8.356,8.373,8.378,8.396,8.415,8.417,8.42,8.421,8.44,8.459,8.476,8.494,8.509,8.523,8.536,8.548,8.558,8.567,8.575,8.582,8.588,8.593,8.598,8.602,8.605,8.608,8.609,8.61,8.609,8.605,8.6,8.594,8.587,8.579,8.571,8.56,8.548,8.537,8.525,8.513,8.501,8.491,8.48,8.471,8.461,8.451,8.441,8.431,8.421,8.412,8.404,8.396,8.387,8.379,8.37,8.361,8.352,8.342,8.333,8.325,8.316,8.308,8.299,8.291,8.284,8.279,8.275,8.272,8.27,8.269,8.269,8.269,8.269,8.269,8.27,8.27,8.27,8.27,8.27,8.27,8.271,8.271,8.27,8.27,8.271,8.272,8.273,8.274,8.275,8.278,8.28,8.283,8.286,8.289,8.292,8.296,8.299,8.302,8.304,8.305,8.305,8.305,8.304,8.303,8.303,8.304,8.305,8.305,8.307,8.307,8.308,8.308,8.31,8.313,8.316,8.321,8.326,8.332,8.339,8.346,8.353,8.361,8.37,8.378,8.387,8.394,8.4,8.406,8.411,8.416,8.421,8.426,8.431,8.438,8.445,8.451,8.459,8.467,8.476,8.486,8.495,8.506,8.516,8.525,8.534,8.543,8.552,8.561,8.57,8.579,8.59,8.599,8.608,8.617,8.626,8.634,8.639,8.645,8.652,8.66,8.668,8.676,8.685,8.693,8.701,8.708,8.715,8.722,8.729,8.735,8.742,8.748,8.754,8.759,8.764,8.768,8.772,8.776,8.779,8.782,8.785,8.789,8.792,8.796,8.799,8.803,0,0,0,0,0,0,0,0,0,0,0,0,0,0,0,0,0
13.52,7.78,7.803,7.827,7.851,7.876,7.9,7.923,7.946,7.968,7.99,8.01,8.03,8.048,8.066,8.084,8.102,8.118,8.134,8.149,8.164,8.178,8.191,8.203,8.215,8.226,8.237,8.246,8.273,8.271,8.288,8.303,8.322,8.342,8.358,8.376,8.394,8.414,8.435,8.454,8.473,8.49,8.506,8.521,8.535,8.547,8.557,8.567,8.575,8.583,8.589,8.596,8.601,8.606,8.609,8.612,8.614,8.615,8.612,8.608,8.603,8.597,8.59,8.582,8.573,8.561,8.55,8.539,8.527,8.516,8.506,8.496,8.487,8.478,8.468,8.458,8.449,8.439,8.431,8.423,8.415,8.407,8.398,8.389,8.381,8.371,8.362,8.353,8.345,8.337,8.328,8.32,8.312,8.305,8.3,8.296,8.293,8.291,8.29,8.29,8.29,8.29,8.29,8.29,8.29,8.29,8.291,8.29,8.29,8.29,8.29,8.289,8.29,8.29,8.291,8.292,8.292,8.293,8.295,8.297,8.3,8.303,8.306,8.309,8.313,8.316,8.319,8.321,8.321,8.322,8.321,8.321,8.32,8.32,8.32,8.321,8.321,8.323,8.323,8.324,8.325,8.327,8.33,8.333,8.338,8.343,8.35,8.357,8.364,8.371,8.38,8.388,8.397,8.405,8.412,8.419,8.425,8.43,8.434,8.439,8.444,8.45,8.457,8.463,8.47,8.478,8.486,8.495,8.504,8.514,8.524,8.535,8.544,8.553,8.562,8.571,8.58,8.59,8.599,8.61,8.619,8.629,8.638,8.647,8.656,8.662,8.668,8.674,8.683,8.691,8.699,8.707,8.715,8.723,8.731,8.738,8.745,8.751,8.758,8.764,8.77,8.775,8.781,8.786,8.789,8.793,8.796,8.8,8.803,8.806,8.808,8.811,8.814,8.818,8.821,0,0,0,0,0,0,0,0,0,0,0,0,0,0,0,0,0
13.858,0,7.733,7.764,0,0,0,7.886,7.914,7.942,7.967,7.992,8.016,8.038,8.059,8.08,0,8.12,8.138,8.156,0,8.188,8.203,8.217,8.231,8.243,8.255,8.265,8.296,8.305,8.326,8.333,8.356,8.379,8.383,8.386,8.389,8.411,8.434,8.455,8.477,8.496,8.515,8.532,8.548,8.562,8.558,8.57,8.58,8.59,8.584,8.592,8.599,8.605,8.61,8.614,8.618,8.619,8.618,8.615,8.611,8.606,8.6,8.593,8.584,8.573,8.562,8.552,8.541,8.531,8.521,8.512,8.503,8.494,8.485,8.475,8.466,8.457,8.449,8.441,8.434,8.425,8.417,8.408,8.399,8.39,8.381,8.372,8.364,8.356,8.348,8.339,8.331,8.324,8.319,8.315,8.312,8.31,8.309,8.309,8.309,8.308,8.308,8.308,8.308,8.308,8.307,8.307,8.306,8.306,8.306,8.305,8.304,8.304,8.305,8.306,8.306,8.307,8.308,8.31,8.312,8.315,8.317,8.32,8.324,8.327,8.33,8.333,8.333,8.334,8.333,8.333,8.332,8.332,8.333,8.334,0,0,8.337,8.338,8.34,8.342,8.346,8.35,8.355,8.362,8.369,8.377,8.384,8.393,8.402,8.411,0,8.429,8.437,8.445,8.451,8.457,8.462,8.467,8.472,8.479,8.486,8.493,8.5,8.508,8.514,8.519,8.529,8.54,8.55,8.561,8.57,8.58,8.589,8.598,8.607,8.618,8.627,8.639,8.649,8.659,8.664,8.673,8.682,8.688,8.694,8.701,8.71,8.718,8.726,8.734,8.742,8.749,8.757,8.764,8.771,8.777,8.783,8.789,8.794,8.8,8.804,8.809,8.813,8.816,8.819,8.822,8.824,8.826,8.829,8.831,8.834,8.837,8.84,0,0,0,0,0,0,0,0,0,0,0,0,0,0,0,0,0
14.196,7.654,7.679,7.705,7.731,7.757,7.783,7.808,7.833,7.857,7.881,7.903,7.925,7.945,7.965,7.985,8.005,8.023,8.041,8.058,8.075,8.09,8.105,8.119,8.133,8.146,8.157,8.169,8.196,8.194,8.216,8.233,8.256,8.279,8.3,8.322,8.344,8.366,8.39,8.412,8.434,8.455,8.474,8.493,8.51,8.524,8.538,8.551,8.562,8.572,8.581,8.591,8.599,8.606,8.612,8.618,8.622,8.625,8.625,8.623,8.62,8.616,8.611,8.604,8.596,8.586,8.576,8.566,8.556,8.546,8.537,8.529,8.521,8.512,8.503,8.495,8.486,8.478,8.47,8.462,8.454,8.446,8.438,8.429,8.421,8.412,8.402,8.393,8.386,8.378,8.369,8.361,8.353,8.346,8.34,8.336,8.333,8.331,8.33,8.329,8.328,8.328,8.326,8.326,8.325,8.324,8.324,8.323,8.322,8.321,8.321,8.319,8.318,8.318,8.318,8.319,8.319,8.319,8.32,8.321,8.324,8.326,8.329,8.332,8.336,8.339,8.342,8.344,8.344,8.345,8.345,8.345,8.344,8.345,8.346,8.347,8.348,8.35,8.351,8.352,8.354,8.357,8.361,8.366,8.371,8.378,8.385,8.393,8.401,8.409,8.418,8.428,8.437,8.446,8.454,8.461,8.468,8.474,8.479,8.484,8.489,8.495,8.502,8.509,8.516,8.524,8.532,8.541,8.551,8.561,8.572,8.583,8.592,8.601,8.61,8.619,8.629,8.639,8.65,8.661,8.672,8.682,8.693,8.703,8.708,8.715,8.722,8.728,8.738,8.745,8.754,8.762,8.769,8.777,8.784,8.791,8.797,8.803,8.809,8.815,8.82,8.825,8.83,8.834,8.838,8.841,8.843,8.845,8.848,8.849,8.851,8.852,8.855,8.857,0,0,0,0,0,0,0,0,0,0,0,0,0,0,0,0,0,0
14.534,0,7.626,7.657,0,0,0,7.779,7.809,7.837,7.864,7.89,7.915,7.939,7.962,7.984,8.006,8.027,8.047,8.066,8.085,8.102,8.118,8.134,8.149,8.163,8.176,8.188,8.199,8.209,8.235,8.244,8.27,8.296,8.302,8.308,8.313,8.337,8.362,8.386,8.409,8.431,8.452,8.472,8.491,8.507,8.523,8.537,8.55,8.562,8.572,8.584,8.593,8.602,8.609,8.616,8.622,8.626,8.628,8.627,8.625,8.623,8.619,8.613,8.606,8.597,8.588,8.579,8.57,8.561,8.552,8.545,8.537,8.529,8.521,8.513,8.505,8.497,8.489,8.481,8.474,8.466,8.457,8.449,8.44,8.431,8.422,8.413,8.405,8.397,8.389,8.38,8.372,8.364,8.358,8.354,8.35,8.348,8.346,8.345,8.344,8.343,8.341,8.34,8.339,8.337,8.336,8.335,8.334,8.333,8.331,8.329,8.328,8.328,8.327,8.328,8.327,8.327,8.328,8.328,8.33,8.332,8.334,8.337,8.34,8.343,8.346,8.347,8.347,8.347,8.346,8.346,8.345,8.345,8.346,8.346,8.347,8.349,8.35,8.351,8.353,8.356,8.36,8.365,8.37,8.377,8.385,8.393,8.4,8.409,8.418,8.428,8.437,8.446,8.454,8.462,8.469,8.475,8.48,8.485,8.49,8.496,8.504,8.511,8.518,8.526,8.535,8.544,8.554,8.565,8.575,8.586,8.596,8.606,8.615,8.624,8.634,8.644,8.655,8.667,8.677,8.688,8.699,8.711,8.716,8.723,8.73,8.737,8.746,8.754,8.763,8.771,8.779,8.787,8.794,8.801,8.808,8.814,8.82,8.826,8.832,8.837,8.841,8.846,8.849,8.853,8.855,8.858,8.86,8.861,8.863,8.864,8.867,8.869,0,0,0,0,0,0,0,0,0,0,0,0,0,0,0,0,0,0
14.872,0,7.522,7.552,7.583,7.614,7.644,7.673,7.703,7.731,7.759,7.785,7.811,7.835,7.859,7.882,7.904,7.926,7.947,7.967,7.986,8.004,8.022,8.038,8.054,8.069,8.083,8.097,8.109,8.12,8.147,8.158,8.185,8.212,8.237,8.264,8.29,8.316,8.343,8.368,8.394,8.417,8.439,8.461,8.481,8.498,8.515,8.53,8.545,8.558,8.573,8.586,8.601,8.617,8.632,8.647,8.655,8.66,8.662,8.67,8.668,8.666,8.671,8.665,8.658,8.648,8.639,8.629,8.626,8.622,8.613,8.604,8.596,8.587,8.577,8.568,8.559,8.55,8.541,8.532,0,8.514,0,0,0,0,8.46,8.449,8.439,0,8.42,8.409,0,8.389,8.382,8.376,8.371,8.367,0,0,8.36,8.358,8.355,8.353,8.351,8.348,8.347,8.344,8.342,8.34,8.338,8.336,8.334,8.332,8.331,8.33,8.329,8.328,8.329,8.328,8.33,8.332,8.332,8.335,8.338,8.341,8.343,8.345,8.343,8.342,8.341,8.34,8.339,8.339,8.34,8.34,8.341,8.343,8.343,8.345,8.347,8.35,8.355,8.36,8.365,8.372,8.381,8.389,8.397,8.405,8.415,8.425,8.434,8.444,8.452,8.46,8.467,8.474,8.479,8.484,8.49,8.497,8.505,8.512,8.52,8.529,8.538,8.548,8.558,8.569,8.58,8.591,8.6,8.61,8.62,8.629,8.639,8.65,8.661,8.673,8.684,8.695,8.707,8.712,8.718,8.725,8.732,8.739,8.749,8.758,8.767,8.775,8.783,8.791,8.799,8.806,8.813,8.819,8.825,8.831,8.837,8.842,8.847,8.852,8.855,8.859,8.861,8.863,8.865,8.866,8.868,8.869,8.871,0,0,0,0,0,0,0,0,0,0,0,0,0,0,0,0,0,0,0
15.21,7.396,7.426,7.456,7.487,7.518,7.549,7.579,7.609,7.639,7.667,7.695,7.721,7.747,7.771,7.796,7.819,7.842,7.864,7.885,7.906,7.925,7.944,7.962,7.979,7.995,8.01,8.024,8.038,8.051,8.08,8.11,8.14,8.17,8.199,8.228,8.257,8.285,8.314,8.341,8.368,8.393,8.417,8.441,8.462,8.482,8.5,8.516,8.532,8.546,8.559,8.573,8.586,8.597,8.607,8.617,8.626,8.632,8.636,8.637,8.637,8.636,8.634,8.63,8.624,8.617,8.609,8.601,8.593,8.585,8.577,8.57,8.564,8.557,8.549,8.541,8.534,8.526,8.519,8.511,8.504,8.496,8.486,8.477,8.469,8.459,8.45,8.44,8.432,8.424,8.415,8.406,8.397,8.389,8.383,8.377,8.373,8.369,8.367,8.364,8.362,8.36,8.356,8.354,8.351,8.349,8.347,8.345,8.342,8.341,8.339,8.337,8.335,8.334,8.333,8.333,8.331,8.33,8.33,8.33,8.331,8.333,8.335,8.337,8.341,8.343,8.345,8.347,8.346,8.346,8.345,8.344,8.343,8.343,8.343,8.344,8.344,8.346,8.347,8.348,8.35,8.354,8.359,8.364,8.369,8.376,8.385,8.393,8.401,8.41,8.42,8.43,8.439,8.448,8.457,8.464,8.472,8.478,8.483,8.489,8.494,8.501,8.509,8.516,8.524,8.533,8.542,8.552,8.562,8.573,8.584,8.595,8.605,8.615,8.624,8.634,8.644,8.655,8.666,8.679,8.69,8.702,8.708,8.713,8.719,8.727,8.734,8.741,8.752,8.76,8.769,8.777,8.786,8.794,8.802,8.809,8.816,8.822,8.829,8.835,8.841,8.846,8.851,8.856,8.86,8.863,8.866,8.868,8.87,8.871,8.872,8.873,0,0,0,0,0,0,0,0,0,0,0,0,0,0,0,0,0,0,0,0
15.548,7.375,7.41,7.446,0,0,0,7.585,7.619,7.652,7.684,7.714,7.743,7.771,7.797,7.824,0,7.874,7.897,7.92,0,7.963,7.983,8.001,8.019,8.036,8.052,8.067,8.081,8.095,8.13,8.163,8.199,8.235,8.244,8.252,8.259,8.291,8.323,8.353,8.384,8.412,8.439,8.465,8.49,8.511,8.511,8.53,8.547,8.563,8.56,8.575,8.588,8.601,8.612,8.622,8.632,8.639,8.643,8.645,8.646,8.646,8.644,8.641,8.636,8.628,8.621,8.614,8.606,8.599,8.591,8.585,8.579,8.572,8.565,8.558,8.55,8.543,8.536,8.529,8.521,8.513,8.504,8.495,8.487,8.477,8.468,8.458,8.45,8.442,8.433,8.424,8.415,8.407,8.4,8.394,8.39,8.386,8.383,8.38,8.377,8.374,8.37,8.367,8.364,8.361,8.358,8.355,8.352,8.35,8.349,8.346,8.344,8.343,8.342,8.341,8.339,8.338,8.338,8.337,8.339,8.34,8.342,8.344,8.347,8.349,8.352,8.353,8.352,8.352,8.351,8.35,8.349,8.349,8.349,8.349,8.35,8.351,8.352,8.353,8.355,8.359,8.364,8.369,8.374,8.381,8.39,8.398,8.406,8.415,8.424,8.434,8.444,8.453,8.461,8.469,8.476,8.482,8.487,8.492,8.498,8.504,8.512,8.52,8.528,8.537,8.546,8.555,8.566,8.577,8.588,8.599,8.609,8.619,8.629,8.638,8.649,8.66,8.672,8.685,8.697,8.709,8.715,8.721,8.727,8.735,8.742,8.75,8.76,8.769,8.778,8.787,8.795,8.803,8.811,8.819,8.826,8.832,8.839,8.845,8.851,8.856,8.862,8.867,8.87,8.874,8.876,8.879,8.88,8.881,8.883,8.884,0,0,0,0,0,0,0,0,0,0,0,0,0,0,0,0,0,0,0,0
15.886,7.238,7.271,7.306,7.339,7.374,7.407,7.44,7.473,7.506,7.537,7.567,7.596,7.624,7.651,7.678,7.704,7.729,7.753,7.777,7.8,7.821,7.842,7.861,7.88,7.898,7.915,7.932,7.947,7.962,7.997,8.032,8.068,8.104,8.139,8.174,8.209,8.241,8.273,8.305,8.336,8.364,8.392,8.419,8.444,8.466,8.488,8.508,8.526,8.543,8.558,8.574,8.589,8.602,8.614,8.626,8.637,8.644,8.649,8.652,8.653,8.653,8.652,8.649,8.644,8.637,8.63,8.623,8.615,8.608,8.6,8.594,8.588,8.581,8.574,8.567,8.56,8.553,8.546,8.539,8.531,8.523,8.514,8.505,8.496,8.487,8.478,8.468,8.46,8.452,8.443,8.434,8.425,8.417,8.41,8.405,8.4,8.396,8.393,8.389,8.386,8.383,8.379,8.375,8.372,8.368,8.365,8.362,8.359,8.357,8.355,8.352,8.35,8.349,8.348,8.347,8.345,8.343,8.342,8.342,8.343,8.344,8.345,8.348,8.351,8.353,8.355,8.356,8.355,8.355,8.354,8.353,8.352,8.351,8.352,8.352,8.352,8.354,8.354,8.356,8.358,8.361,8.366,8.372,8.377,8.384,8.393,8.401,8.409,8.418,8.427,8.437,8.447,8.456,8.464,8.472,8.479,8.485,8.49,8.496,8.501,8.508,8.516,8.524,8.532,8.541,8.55,8.56,8.571,8.582,8.593,8.604,8.614,8.624,8.634,8.644,8.655,8.666,8.678,8.692,8.704,8.71,8.716,8.722,8.728,8.736,8.744,8.752,8.763,8.771,8.781,8.789,8.798,8.806,8.814,8.822,8.829,8.835,8.842,8.849,8.855,8.86,8.866,8.871,8.874,8.878,8.88,8.882,8.884,8.884,8.885,0,0,0,0,0,0,0,0,0,0,0,0,0,0,0,0,0,0,0,0,0
16.224,7.154,7.19,7.226,7.261,7.297,7.333,7.367,7.402,7.436,7.469,7.5,7.531,7.561,7.589,7.617,7.644,7.671,7.696,7.721,7.745,7.767,7.789,7.81,7.829,7.849,7.866,7.884,7.9,7.915,7.953,7.992,8.03,8.069,8.107,8.145,8.182,8.216,8.25,8.283,8.316,8.346,8.376,8.404,8.431,8.454,8.477,8.498,8.519,8.536,8.553,8.571,8.586,8.601,8.614,8.626,8.638,8.647,8.653,8.656,8.657,8.658,8.657,8.654,8.65,8.643,8.636,8.629,8.622,8.614,8.607,8.601,8.595,8.588,8.581,8.574,8.567,8.56,8.553,8.546,8.538,8.529,8.52,8.511,8.502,8.493,8.483,8.474,8.466,8.457,8.449,8.439,8.43,8.422,8.415,8.409,8.404,8.4,8.396,8.393,8.389,8.385,8.381,8.377,8.373,8.37,8.366,8.363,8.359,8.357,8.355,8.352,8.35,8.348,8.347,8.346,8.343,8.341,8.34,8.34,8.341,8.342,8.343,8.345,8.348,8.351,8.353,8.354,8.353,8.353,8.352,8.351,8.35,8.35,8.35,8.351,8.352,8.353,8.354,8.356,8.359,8.363,8.368,8.374,8.38,8.387,8.396,8.405,8.413,8.422,8.431,8.442,8.451,8.461,8.469,8.477,8.484,8.49,8.496,8.502,8.508,8.514,8.523,8.531,8.539,8.548,8.557,8.567,8.578,8.589,8.601,8.612,8.622,8.632,8.642,8.652,8.663,8.675,8.687,8.701,8.706,8.712,8.718,8.724,8.731,8.739,8.747,8.755,8.766,8.775,8.785,8.793,8.801,8.809,8.818,8.826,8.833,8.839,8.846,8.852,8.858,8.863,8.868,8.873,8.877,8.88,8.882,8.884,8.885,8.885,0,0,0,0,0,0,0,0,0,0,0,0,0,0,0,0,0,0,0,0,0,0
16.562,7.078,7.115,7.153,7.19,7.227,7.264,7.3,7.336,7.371,7.406,7.438,7.47,7.501,7.531,7.56,7.589,7.616,7.643,7.668,7.693,7.717,7.74,7.761,7.782,7.802,7.821,7.839,7.856,7.872,7.911,7.952,7.992,8.032,8.072,8.113,8.152,8.188,8.224,8.259,8.293,8.326,8.357,8.387,8.415,8.44,8.465,8.487,8.509,8.528,8.546,8.565,8.583,8.598,8.613,8.626,8.639,8.649,8.655,8.659,8.662,8.663,8.663,8.66,8.656,8.649,8.643,8.636,8.629,8.622,8.616,8.609,8.604,8.597,8.59,8.584,8.577,8.569,8.562,8.555,8.547,8.538,8.529,8.519,8.51,8.501,8.491,8.482,8.474,8.466,8.457,8.448,8.439,8.43,8.423,8.417,8.412,8.407,8.403,8.399,8.395,8.391,8.386,8.382,8.378,8.373,8.37,8.366,8.362,8.36,8.358,8.354,8.352,8.35,8.349,8.347,8.345,8.343,8.342,8.341,8.342,8.343,8.345,8.347,8.35,8.352,8.355,8.356,8.354,8.355,8.354,8.353,8.352,8.352,8.353,8.353,8.354,8.357,8.358,8.36,8.363,8.367,8.373,8.38,8.386,8.394,8.403,8.412,8.421,8.43,8.439,8.45,8.46,8.469,8.477,8.485,8.493,8.499,8.505,8.511,8.517,8.525,8.533,8.541,8.549,8.558,8.568,8.578,8.589,8.6,8.611,8.623,8.633,8.643,8.652,8.662,8.673,8.685,8.698,8.712,8.725,8.738,8.752,8.766,8.78,8.796,8.797,8.786,8.76,8.725,8.682,8.627,8.56,8.493,8.427,8.426,8.423,8.42,8.418,8.414,8.41,8.405,8.399,8.393,8.386,8.377,8.368,8.357,8.346,8.334,8.322,8.309,8.295,8.282,8.267,8.252,8.236,8.22,8.203,8.186,8.167,8.146,8.124,8.1,8.074,0,0,0,0,0,0,0
16.9,0,7.091,7.131,7.17,7.209,7.248,7.286,7.324,7.361,7.397,7.431,7.465,7.497,7.528,7.558,7.588,7.617,7.644,7.671,7.697,7.721,7.745,7.767,7.789,7.81,7.829,7.847,7.865,7.881,7.897,7.913,7.954,7.995,8.038,8.08,8.121,8.159,8.197,8.233,8.269,8.303,8.335,8.367,8.396,8.423,8.449,8.474,8.497,8.517,8.537,8.558,8.576,8.593,8.609,8.624,8.638,8.648,8.656,8.661,8.664,8.666,8.666,8.664,8.66,8.654,8.648,8.642,8.635,8.629,8.622,8.616,8.611,8.605,8.598,8.592,8.585,8.578,8.571,8.563,8.556,8.547,8.537,8.527,8.518,8.508,8.498,8.489,8.481,8.473,8.465,8.455,8.446,8.438,8.43,8.424,8.418,8.413,8.409,8.404,8.4,8.395,8.39,8.385,8.38,8.376,8.372,8.368,8.364,8.361,8.359,8.355,8.353,8.351,8.35,8.349,8.346,8.344,8.343,8.342,8.343,8.344,8.345,8.348,8.351,8.354,8.356,8.358,8.357,8.357,8.357,8.356,8.356,8.356,8.357,8.358,8.359,8.362,8.364,8.366,8.37,8.375,8.381,8.388,8.396,8.404,8.413,8.423,8.431,8.441,8.45,8.461,8.471,8.48,8.489,8.497,8.505,8.511,8.517,8.523,8.53,8.537,8.546,8.554,8.562,8.572,8.581,8.591,8.602,8.614,8.625,8.636,8.646,8.656,8.665,8.675,8.686,8.698,8.71,8.718,8.724,8.729,8.736,8.742,8.748,8.757,8.764,8.773,8.784,8.793,8.802,8.81,8.818,8.826,8.834,8.841,8.847,8.853,8.859,8.864,8.869,8.874,8.878,8.882,8.885,8.887,8.888,8.889,8.889,0,0,0,0,0,0,0,0,0,0,0,0,0,0,0,0,0,0,0,0,0,0,0
17.238,0,7.022,7.063,7.103,7.144,7.184,7.223,7.262,7.3,7.337,7.373,7.407,7.44,7.472,7.504,7.534,7.564,7.592,7.62,7.647,7.673,7.697,7.72,7.743,7.765,7.784,7.804,7.822,7.84,7.856,7.872,7.915,7.957,8.002,8.046,8.09,8.129,8.168,8.206,8.243,8.278,8.312,8.345,8.376,8.405,8.432,8.458,8.483,8.505,8.526,8.548,8.568,8.587,8.604,8.62,8.635,8.647,8.656,8.662,8.665,8.668,8.669,8.668,8.664,8.659,8.653,8.647,8.641,8.635,8.629,8.624,8.619,8.613,8.607,8.601,8.594,8.587,8.58,8.573,8.565,8.556,8.546,8.536,8.527,8.517,8.507,8.498,8.49,8.482,8.474,8.465,8.456,8.447,8.44,8.433,8.427,8.422,8.417,8.412,8.407,8.402,8.396,8.391,8.386,8.381,8.376,8.372,8.367,8.365,8.362,8.359,8.356,8.354,8.353,8.351,8.348,8.346,8.345,8.344,8.345,8.346,8.347,8.35,8.354,8.356,8.359,8.361,8.359,8.36,8.36,8.359,8.359,8.36,8.36,8.361,8.363,8.366,8.368,8.371,8.375,8.381,8.388,8.395,8.403,8.412,8.422,8.431,8.44,8.449,8.459,8.47,8.48,8.489,8.498,8.506,8.514,8.521,8.527,8.534,8.541,8.548,8.557,8.565,8.574,8.583,8.593,8.603,8.614,8.625,8.636,8.647,8.656,8.666,8.675,8.685,8.696,8.703,8.715,8.723,8.729,8.735,8.742,8.748,8.754,8.763,8.771,8.779,8.79,8.799,8.808,8.816,8.824,8.832,8.84,8.847,8.853,8.858,8.864,8.869,8.874,8.878,8.882,8.885,8.887,8.889,8.889,0,8.889,0,0,0,0,0,0,0,0,0,0,0,0,0,0,0,0,0,0,0,0,0,0,0
17.576,0,0,7.024,7.066,7.108,7.149,7.19,7.23,7.269,7.308,7.344,7.38,7.414,7.447,7.479,7.511,7.541,7.571,7.599,7.627,7.654,7.679,7.703,7.726,7.749,7.769,7.789,7.808,7.826,7.844,7.86,7.877,7.92,7.966,8.01,8.054,8.095,8.135,8.175,8.214,8.251,8.287,8.321,8.354,8.384,8.413,8.441,8.467,8.491,8.514,8.537,8.559,8.579,8.598,8.615,8.632,8.645,8.655,8.661,8.666,8.67,8.671,8.671,8.668,8.663,8.657,8.652,8.647,8.641,8.635,8.631,8.626,8.621,8.615,8.609,8.603,8.596,8.589,8.582,8.574,8.565,8.555,8.545,8.535,8.525,8.515,8.506,8.498,8.49,8.482,8.473,8.464,8.455,8.447,8.441,8.434,8.429,8.424,8.418,8.413,8.407,8.401,8.395,8.389,8.384,8.379,8.374,8.369,8.366,8.363,8.36,8.357,8.355,8.353,8.352,8.348,8.346,8.345,8.344,8.344,8.345,8.347,8.349,8.353,8.356,8.359,8.361,8.36,8.36,8.36,8.36,8.36,8.361,8.362,8.363,8.365,8.369,8.371,8.375,8.379,8.385,8.393,8.401,8.409,8.418,8.429,8.439,8.448,8.458,8.468,8.479,8.489,8.498,8.507,8.516,8.524,8.531,8.537,8.544,8.551,8.559,8.568,8.577,8.585,8.595,8.604,8.615,8.626,8.637,8.648,8.658,8.668,8.677,8.686,8.696,8.707,8.714,8.726,8.734,8.741,8.747,8.753,8.759,8.766,8.775,8.783,8.791,8.802,8.811,8.82,8.828,8.836,8.843,8.85,8.857,8.863,8.868,8.873,8.878,8.882,8.886,8.89,8.893,8.894,8.895,8.895,0,8.894,0,0,0,0,0,0,0,0,0,0,0,0,0,0,0,0,0,0,0,0,0,0,0
17.914,0,0,0,0,7.104,7.147,7.189,7.231,7.272,7.312,7.349,7.386,7.422,7.455,7.489,7.521,7.552,7.583,7.612,7.64,7.667,7.694,7.718,7.742,7.765,7.786,7.806,7.826,7.844,7.862,7.879,7.896,7.912,7.927,7.974,8.02,8.062,8.104,8.145,8.185,8.224,8.261,8.297,8.332,8.363,8.394,8.423,8.451,8.477,8.501,8.526,8.55,8.571,8.592,8.61,8.628,8.643,8.654,8.662,8.667,8.672,8.674,8.674,8.672,8.667,8.663,8.658,8.653,8.648,8.643,8.639,8.635,8.63,8.625,8.619,8.613,8.607,8.6,8.594,8.586,8.577,8.566,8.556,8.547,8.537,8.527,8.517,8.509,8.501,8.493,8.484,8.475,8.466,8.458,8.451,8.444,8.438,8.433,8.426,8.421,8.414,8.407,8.401,8.395,8.389,8.384,8.378,8.373,8.369,8.366,8.363,8.36,8.357,8.355,8.353,8.35,8.348,8.346,8.344,8.345,8.346,8.347,8.35,8.354,8.357,8.36,8.362,8.361,8.362,8.362,8.362,8.362,8.363,8.364,8.366,8.369,8.372,8.376,8.379,8.384,8.391,8.4,8.408,8.417,8.427,8.438,8.448,8.458,8.468,8.479,8.49,8.5,8.51,8.519,8.528,8.536,8.543,8.55,8.557,8.565,8.573,8.582,8.591,8.6,8.609,8.619,8.63,8.641,8.652,8.663,8.673,8.683,8.692,8.701,8.71,8.721,8.729,8.741,8.749,8.755,8.762,8.768,8.775,8.781,8.79,8.798,8.806,8.818,8.826,8.835,8.843,8.85,8.857,8.864,8.871,8.876,8.881,8.886,8.89,8.894,8.898,8.901,8.903,8.904,8.904,8.903,0,8.901,0,0,0,0,0,0,0,0,0,0,0,0,0,0,0,0,0,0,0,0,0,0,0
18.252,0,0,0,0,0,0,0,7.338,0,7.424,0,7.501,7.538,7.573,7.607,7.64,7.672,7.702,7.732,7.76,7.788,7.814,7.838,7.862,7.884,7.905,7.925,7.944,7.962,7.98,7.996,8.012,8.028,8.043,8.056,8.07,8.083,8.128,8.14,8.182,8.192,8.232,8.27,8.306,8.339,8.372,8.403,8.433,8.46,8.487,8.513,8.538,8.562,8.583,8.604,8.623,8.639,8.651,8.66,8.667,8.672,8.675,8.676,8.674,8.67,8.666,8.662,8.658,8.653,8.648,8.645,8.641,8.637,8.632,8.627,8.621,8.615,8.609,8.602,8.595,8.585,8.575,8.565,8.556,8.546,8.536,8.526,8.518,8.51,8.501,8.492,8.483,8.474,8.466,8.459,8.452,8.445,8.439,8.433,8.426,8.419,8.412,8.405,8.398,8.391,8.386,8.38,8.374,8.37,8.367,8.363,8.36,8.357,8.355,8.353,8.349,8.347,8.344,8.343,8.343,8.344,8.346,8.349,8.353,8.356,8.359,8.361,8.36,8.361,8.362,8.362,8.363,8.364,8.366,8.368,8.371,8.375,8.378,8.383,8.388,8.396,8.405,8.414,8.423,8.433,8.445,8.456,8.466,8.476,8.487,8.498,8.509,8.519,8.528,8.537,8.546,8.553,8.56,8.568,8.576,8.584,8.594,8.603,8.612,8.622,8.632,8.642,8.653,8.664,8.675,8.685,8.695,8.704,8.713,8.722,8.733,8.745,8.757,8.765,8.772,8.778,8.785,8.792,8.798,8.807,8.815,8.823,8.834,8.842,8.851,8.858,8.866,8.872,8.879,8.885,8.89,8.894,8.899,8.903,8.906,8.909,8.912,8.914,8.915,8.914,8.913,8.912,8.91,0,0,0,0,0,0,0,0,0,0,0,0,0,0,0,0,0,0,0,0,0,0,0
18.59,0,0,0,0,0,0,0,7.312,0,7.4,0,0,7.518,7.553,7.588,7.622,7.655,7.686,7.717,7.746,7.774,7.801,7.826,7.85,7.873,7.895,7.915,7.935,7.954,7.972,7.989,8.006,8.022,8.037,8.052,8.066,8.079,8.126,8.138,8.183,8.194,8.203,8.242,8.28,8.315,8.349,8.382,8.413,8.441,8.47,8.498,8.525,8.55,8.573,8.595,8.615,8.633,8.646,8.657,8.664,8.671,8.674,8.676,8.675,8.671,8.668,8.664,8.66,8.656,8.652,8.649,8.646,8.642,8.638,8.633,8.628,8.622,8.616,8.61,8.602,8.593,8.583,8.573,8.564,8.554,8.544,8.534,8.526,8.518,8.51,8.501,8.492,8.483,8.475,8.467,8.46,8.453,8.446,8.439,8.432,8.425,8.417,8.409,8.402,8.396,8.39,8.383,8.378,8.374,8.37,8.366,8.363,8.36,8.358,8.356,8.352,8.349,8.347,8.346,8.346,8.347,8.349,8.352,8.356,8.36,8.363,8.366,8.365,8.367,8.367,8.368,8.369,8.371,8.373,8.375,8.379,8.383,8.387,8.392,8.399,8.407,8.416,8.426,8.436,8.446,8.458,8.47,8.48,8.491,8.501,8.513,8.523,8.534,8.543,8.552,8.561,8.569,8.576,8.584,8.592,8.601,8.61,8.62,8.628,8.638,8.648,8.658,8.669,8.68,8.691,8.701,8.71,8.719,8.728,8.737,8.745,8.752,8.761,8.77,8.776,8.783,8.79,8.797,8.803,8.813,8.82,8.829,8.841,8.849,8.858,8.866,8.873,8.879,8.886,8.892,8.897,8.9,8.904,8.908,8.911,8.913,8.915,8.916,8.916,8.915,0,0,0,0,0,0,0,0,0,0,0,0,0,0,0,0,0,0,0,0,0,0,0,0,0,0
18.928,0,0,0,0,0,0,0,7.151,7.195,7.239,7.28,7.32,7.357,7.394,7.43,7.465,7.498,7.53,7.562,7.592,7.622,7.65,7.676,7.702,7.727,7.75,7.772,7.793,7.814,7.833,7.852,7.871,7.889,7.906,7.922,7.938,7.953,7.999,8.044,8.089,8.131,8.173,8.213,8.252,8.289,8.325,8.358,8.391,8.421,8.451,8.48,8.508,8.535,8.56,8.583,8.605,8.624,8.639,8.65,8.658,8.666,8.67,8.673,8.672,8.669,8.667,8.664,8.66,8.657,8.653,8.651,8.649,8.646,8.642,8.638,8.633,8.628,8.622,8.616,8.609,8.6,8.589,8.58,8.571,8.561,8.551,8.541,8.533,8.525,8.517,8.508,8.499,8.489,8.483,8.477,8.469,8.462,8.455,8.447,8.44,8.434,8.425,8.416,8.409,8.401,8.394,8.389,8.383,8.38,8.375,8.372,8.368,8.365,8.363,8.36,8.358,8.356,8.355,8.355,8.356,8.357,8.358,8.363,0,0,8.379,8.383,8.385,8.387,0,0,8.39,8.393,8.391,8.389,8.394,0,8.4,0,8.418,0,8.445,8.449,8.464,8.481,0,0,0,0,8.553,8.57,0,8.602,8.611,0,8.631,8.643,0,8.666,0,8.675,8.688,8.701,0,0,8.74,8.744,0,8.763,8.773,8.773,8.783,0,8.804,8.816,8.816,8.816,0,8.816,8.826,8.836,8.836,8.845,8.855,8.855,8.866,8.878,8.878,8.889,8.889,8.899,8.908,8.916,8.916,8.916,8.921,8.925,8.925,8.929,0,0,0,0,0,0,0,0,0,0,0,0,0,0,0,0,0,0,0,0,0,0,0,0,0,0,0,0,0,0,0,0
19.266,0,0,0,0,0,0,0,0,0,7.261,7.303,7.343,7.382,7.418,7.455,7.49,7.524,7.557,7.588,7.619,7.649,7.677,7.704,7.73,7.755,7.778,7.801,7.822,7.843,7.863,7.882,7.901,7.919,7.936,7.953,7.969,7.984,7.999,8.013,8.058,8.102,8.145,8.186,8.225,8.263,8.3,8.335,8.369,8.4,8.431,8.462,8.491,8.519,8.545,8.569,8.593,8.613,8.629,8.641,8.651,8.659,8.665,8.668,8.669,8.667,8.665,8.663,8.66,8.658,8.655,8.653,8.652,8.65,8.646,8.643,8.639,8.635,8.63,8.624,8.617,8.608,8.598,8.588,8.579,8.57,8.56,8.551,8.542,8.535,8.526,8.517,8.508,8.499,8.491,8.483,8.475,8.468,8.461,8.452,8.445,8.437,8.428,8.42,8.412,8.405,8.398,8.392,8.386,8.382,8.378,8.374,8.37,8.367,8.366,8.364,8.361,8.359,8.357,8.356,8.358,8.359,8.362,8.366,8.372,8.376,8.381,8.385,8.385,8.388,8.39,8.392,8.394,8.397,8.4,8.404,8.409,8.415,8.421,8.427,8.435,8.445,8.456,8.468,8.478,8.49,8.503,8.515,8.527,8.538,8.549,8.561,8.572,8.582,8.592,8.602,8.611,8.619,8.627,8.636,8.644,8.653,8.662,8.672,8.681,8.687,8.694,8.701,8.709,8.715,8.722,8.73,8.737,8.745,8.753,8.761,8.77,8.779,8.788,8.799,8.807,8.815,8.823,8.831,8.838,8.849,8.858,8.868,8.883,8.892,8.903,8.912,8.92,8.926,8.934,0,0,0,0,0,0,0,0,0,0,0,0,0,0,0,0,0,0,0,0,0,0,0,0,0,0,0,0,0,0,0,0,0,0,0,0,0
19.604,0,0,0,0,0,0,0,0,0,0,0,0,7.7,0,0,7.81,0,0,0,0,7.964,0,8.016,8.04,8.063,8.084,8.105,8.124,8.142,8.16,8.176,8.193,8.209,8.224,8.237,8.251,8.264,8.276,8.288,8.299,8.31,8.32,8.367,8.375,8.382,8.423,8.428,8.432,8.435,8.437,8.469,8.471,8.499,8.528,8.556,8.582,8.607,8.626,8.646,8.663,8.673,8.688,8.701,8.712,8.711,8.71,8.718,8.715,8.72,8.718,8.717,8.716,8.715,8.712,8.709,8.705,8.7,8.694,8.688,8.679,8.669,8.657,0,0,0,8.611,0,8.589,0,0,8.562,0,0,0,8.518,8.509,0,8.489,0,8.47,8.462,8.45,8.439,8.429,8.419,8.41,8.403,8.395,8.391,8.385,8.38,8.376,8.375,8.375,8.375,8.372,8.372,8.37,8.37,0,8.375,8.375,8.379,8.383,8.388,8.395,8.398,8.399,8.404,0,0,8.414,8.419,8.425,8.43,8.438,0,8.455,0,8.477,0,8.507,8.522,8.537,8.553,0,0,0,0,8.626,8.641,0,8.669,8.682,0,8.706,8.718,0,8.732,8.732,8.732,8.742,8.752,8.761,8.773,8.784,8.784,8.797,8.797,8.808,8.808,8.82,8.832,8.845,8.859,8.859,8.859,8.859,8.859,8.871,8.882,8.882,8.892,8.903,8.903,8.915,8.928,0,0,0,0,0,0,0,0,0,0,0,0,0,0,0,0,0,0,0,0,0,0,0,0,0,0,0,0,0,0,0,0,0,0,0,0,0,0,0,0,0,0,0,0
19.942,0,0,0,0,0,0,0,0,0,0,0,0,7.392,7.43,7.467,7.503,7.538,7.572,7.604,7.636,7.666,7.695,7.723,7.749,7.775,7.799,7.823,7.845,7.867,7.887,7.907,7.926,7.946,7.964,7.981,7.998,8.014,8.029,8.044,8.059,8.072,8.085,8.128,8.169,8.209,8.247,8.284,8.32,8.354,8.387,8.419,8.451,8.481,8.509,8.536,8.561,8.584,8.604,8.618,8.63,8.641,8.648,8.653,8.656,8.656,8.655,8.655,8.654,8.654,8.653,8.653,8.653,8.653,8.651,8.65,8.647,8.644,8.64,8.635,8.628,8.62,8.61,8.601,8.592,8.582,8.572,8.563,8.554,8.546,8.538,8.529,8.52,8.51,8.501,8.493,8.485,8.476,8.468,8.459,8.45,8.441,8.431,8.422,8.414,8.406,8.398,8.391,8.385,8.38,8.376,8.372,8.368,8.366,8.364,8.362,8.36,8.358,8.357,8.357,8.358,8.36,8.363,8.369,8.376,8.382,8.388,8.393,8.394,8.394,8.393,8.39,8.387,8.384,8.381,8.378,8.375,8.372,8.369,8.367,8.366,8.367,8.37,8.372,8.374,8.376,8.379,8.382,8.383,8.383,8.384,8.385,8.387,8.389,8.39,8.39,8.391,8.391,0,0,0,0,0,0,0,0,0,0,0,0,0,0,0,0,0,0,0,0,0,0,0,0,0,0,0,0,0,0,0,0,0,0,0,0,0,0,0,0,0,0,0,0,0,0,0,0,0,0,0,0,0,0,0,0,0,0,0,0,0,0,0,0,0,0,0,0,0,0,0,0,0,0
20.28,0,0,0,0,0,0,0,0,0,0,0,0,0,0,0,0,0,0,0,0,8.168,0,0,0,8.269,8.289,0,0,0,0,8.378,8.393,8.408,8.422,8.435,8.447,8.459,8.47,8.481,0,8.5,8.508,0,8.523,8.529,8.533,8.537,8.54,8.541,8.543,8.581,8.582,8.581,8.579,8.609,8.639,8.636,8.632,8.627,8.623,8.635,8.643,8.649,8.653,8.653,8.654,8.654,8.654,8.654,8.651,8.651,8.652,8.65,8.65,8.648,8.647,8.643,8.639,8.635,8.628,8.62,8.61,8.601,8.592,8.582,8.572,8.562,8.554,8.546,8.537,8.528,8.518,8.508,8.499,8.49,8.481,8.473,8.464,8.454,8.445,8.435,8.425,8.415,8.406,8.397,8.39,8.382,8.375,8.372,8.368,8.363,8.359,8.356,8.354,8.351,8.348,8.345,8.344,8.343,8.343,8.342,8.343,8.345,8.349,8.354,8.357,8.36,8.36,8.359,8.357,8.352,8.346,8.34,8.335,8.328,8.321,8.315,8.309,0,0,0,0,0,0,0,0,0,0,0,0,0,0,0,0,0,0,0,0,0,0,0,0,0,0,0,0,0,0,0,0,0,0,0,0,0,0,0,0,0,0,0,0,0,0,0,0,0,0,0,0,0,0,0,0,0,0,0,0,0,0,0,0,0,0,0,0,0,0,0,0,0,0,0,0,0,0,0,0,0,0,0,0,0,0,0,0,0,0,0,0,0
20.618,0,0,0,0,0,0,0,0,0,0,0,0,0,0,0,0,0,0,0,0,7.894,7.894,7.922,7.949,7.975,7.999,8.022,8.044,8.066,8.086,8.105,8.124,8.143,8.161,8.177,8.194,8.209,8.224,8.238,8.251,8.264,8.276,8.288,8.298,8.307,8.315,8.323,8.329,8.329,8.329,8.36,0,8.424,8.456,8.488,8.519,8.547,8.571,8.591,8.607,8.622,8.633,8.64,8.645,8.647,8.648,8.65,8.65,8.651,8.652,8.654,8.655,8.657,8.657,8.656,8.654,8.651,8.647,0,0,0,0,0,0,0,8.573,8.562,8.552,8.546,8.54,8.534,8.526,8.518,8.51,8.502,8.493,8.484,8.474,8.464,8.453,8.442,8.431,8.419,8.408,8.397,8.387,8.377,8.368,8.368,8.368,8.368,8.368,8.368,8.368,8.368,8.362,8.359,8.356,0,0,0,0,0,0,0,0,0,0,0,0,0,0,0,0,0,0,0,0,0,0,0,0,0,0,0,0,0,0,0,0,0,0,0,0,0,0,0,0,0,0,0,0,0,0,0,0,0,0,0,0,0,0,0,0,0,0,0,0,0,0,0,0,0,0,0,0,0,0,0,0,0,0,0,0,0,0,0,0,0,0,0,0,0,0,0,0,0,0,0,0,0,0,0,0,0,0,0,0,0,0,0,0,0,0,0,0,0,0,0,0,0
20.956,0,0,0,0,0,0,0,0,0,0,0,0,0,0,0,0,0,0,0,0,0,0,0,0,0,0,0,0,0,0,8.472,8.485,8.499,8.511,8.522,8.533,8.543,8.553,8.562,8.571,8.579,8.587,8.594,8.6,8.604,8.607,8.61,8.612,8.612,8.612,8.612,8.612,8.612,8.612,8.612,8.612,8.612,8.612,8.612,8.612,8.634,8.656,8.676,8.694,8.711,8.726,8.741,8.753,8.764,8.775,8.784,8.794,8.803,8.812,8.82,8.827,8.833,8.838,0,0,0,0,0,0,0,0,0,0,0,0,0,0,0,0,0,0,0,0,0,0,0,0,0,0,0,0,0,0,0,0,0,0,0,0,0,0,0,0,0,0,0,0,0,0,0,0,0,0,0,0,0,0,0,0,0,0,0,0,0,0,0,0,0,0,0,0,0,0,0,0,0,0,0,0,0,0,0,0,0,0,0,0,0,0,0,0,0,0,0,0,0,0,0,0,0,0,0,0,0,0,0,0,0,0,0,0,0,0,0,0,0,0,0,0,0,0,0,0,0,0,0,0,0,0,0,0,0,0,0,0,0,0,0,0,0,0,0,0,0,0,0,0,0,0,0,0,0,0,0,0,0
